2026-05-14 21:10:21,052 INFO  Logger.cs: 70 - 
--------------------------------------------------------------------------------
2026-05-14 21:10:21,085 INFO  Logger.cs: 71 - Logging commencing for SW2URDF exporter
2026-05-14 21:10:21,086 INFO  Logger.cs: 73 - Commit version 1.6.0-4-g7f85cfe
2026-05-14 21:10:21,086 INFO  Logger.cs: 74 - Build version 1.6.7995.38578
2026-05-14 21:10:21,087 INFO  SwAddin.cs: 192 - Attempting to connect to SW
2026-05-14 21:10:21,088 INFO  SwAddin.cs: 197 - Setting up callbacks
2026-05-14 21:10:21,088 INFO  SwAddin.cs: 201 - Setting up command manager
2026-05-14 21:10:21,089 INFO  SwAddin.cs: 204 - Adding command manager
2026-05-14 21:10:21,090 INFO  SwAddin.cs: 263 - Adding Assembly export to file menu
2026-05-14 21:10:21,092 INFO  SwAddin.cs: 272 - Adding Part export to file menu
2026-05-14 21:10:21,093 INFO  SwAddin.cs: 210 - Adding event handlers
2026-05-14 21:10:21,095 INFO  SwAddin.cs: 217 - Connecting plugin to SolidWorks
2026-05-14 21:11:11,450 INFO  SwAddin.cs: 294 - Assembly export called for file simplify
2026-05-14 21:11:12,791 INFO  SwAddin.cs: 313 - Saving assembly
2026-05-14 21:11:13,676 INFO  SwAddin.cs: 316 - Opening property manager
2026-05-14 21:11:13,690 INFO  ExportHelperExtension.cs: 1125 - Retrieving features of type [CoordSys] from simplify
2026-05-14 21:11:13,692 INFO  ExportHelperExtension.cs: 1136 - Found 240 in simplify
2026-05-14 21:11:13,692 INFO  ExportHelperExtension.cs: 1145 - Found 9 features of type [CoordSys] in simplify
2026-05-14 21:11:13,694 INFO  ExportHelperExtension.cs: 1148 - Proceeding through assembly components
2026-05-14 21:11:13,694 INFO  ExportHelperExtension.cs: 1160 - 34 components to check
2026-05-14 21:11:13,694 INFO  ExportHelperExtension.cs: 1125 - Retrieving features of type [CoordSys] from imu_stickmock-1
2026-05-14 21:11:13,694 INFO  ExportHelperExtension.cs: 1136 - Found 29 in imu_stickmock-1
2026-05-14 21:11:13,696 INFO  ExportHelperExtension.cs: 1145 - Found 0 features of type [CoordSys] in imu_stickmock-1
2026-05-14 21:11:13,696 INFO  ExportHelperExtension.cs: 1125 - Retrieving features of type [CoordSys] from LEDspuck-1
2026-05-14 21:11:13,696 INFO  ExportHelperExtension.cs: 1136 - Found 52 in LEDspuck-1
2026-05-14 21:11:13,696 INFO  ExportHelperExtension.cs: 1145 - Found 0 features of type [CoordSys] in LEDspuck-1
2026-05-14 21:11:13,696 INFO  ExportHelperExtension.cs: 1125 - Retrieving features of type [CoordSys] from Batteryholder-3
2026-05-14 21:11:13,696 INFO  ExportHelperExtension.cs: 1136 - Found 65 in Batteryholder-3
2026-05-14 21:11:13,696 INFO  ExportHelperExtension.cs: 1145 - Found 0 features of type [CoordSys] in Batteryholder-3
2026-05-14 21:11:13,696 INFO  ExportHelperExtension.cs: 1125 - Retrieving features of type [CoordSys] from nucunderupper-1
2026-05-14 21:11:13,696 INFO  ExportHelperExtension.cs: 1136 - Found 37 in nucunderupper-1
2026-05-14 21:11:13,696 INFO  ExportHelperExtension.cs: 1145 - Found 0 features of type [CoordSys] in nucunderupper-1
2026-05-14 21:11:13,696 INFO  ExportHelperExtension.cs: 1125 - Retrieving features of type [CoordSys] from SupportbaseExtruder-1
2026-05-14 21:11:13,700 INFO  ExportHelperExtension.cs: 1136 - Found 45 in SupportbaseExtruder-1
2026-05-14 21:11:13,700 INFO  ExportHelperExtension.cs: 1145 - Found 0 features of type [CoordSys] in SupportbaseExtruder-1
2026-05-14 21:11:13,700 INFO  ExportHelperExtension.cs: 1125 - Retrieving features of type [CoordSys] from SupportbaseExtruder2-1
2026-05-14 21:11:13,700 INFO  ExportHelperExtension.cs: 1136 - Found 47 in SupportbaseExtruder2-1
2026-05-14 21:11:13,702 INFO  ExportHelperExtension.cs: 1145 - Found 0 features of type [CoordSys] in SupportbaseExtruder2-1
2026-05-14 21:11:13,702 INFO  ExportHelperExtension.cs: 1125 - Retrieving features of type [CoordSys] from nucunderlyer-1
2026-05-14 21:11:13,702 INFO  ExportHelperExtension.cs: 1136 - Found 58 in nucunderlyer-1
2026-05-14 21:11:13,702 INFO  ExportHelperExtension.cs: 1145 - Found 0 features of type [CoordSys] in nucunderlyer-1
2026-05-14 21:11:13,702 INFO  ExportHelperExtension.cs: 1125 - Retrieving features of type [CoordSys] from RPLIDAR C1-1
2026-05-14 21:11:13,702 INFO  ExportHelperExtension.cs: 1136 - Found 124 in RPLIDAR C1-1
2026-05-14 21:11:13,703 INFO  ExportHelperExtension.cs: 1145 - Found 0 features of type [CoordSys] in RPLIDAR C1-1
2026-05-14 21:11:13,703 INFO  ExportHelperExtension.cs: 1125 - Retrieving features of type [CoordSys] from rplidarunderscore-1
2026-05-14 21:11:13,704 INFO  ExportHelperExtension.cs: 1136 - Found 45 in rplidarunderscore-1
2026-05-14 21:11:13,704 INFO  ExportHelperExtension.cs: 1145 - Found 0 features of type [CoordSys] in rplidarunderscore-1
2026-05-14 21:11:13,704 INFO  ExportHelperExtension.cs: 1125 - Retrieving features of type [CoordSys] from Wheel_front-1
2026-05-14 21:11:13,705 INFO  ExportHelperExtension.cs: 1136 - Found 29 in Wheel_front-1
2026-05-14 21:11:13,705 INFO  ExportHelperExtension.cs: 1145 - Found 0 features of type [CoordSys] in Wheel_front-1
2026-05-14 21:11:13,705 INFO  ExportHelperExtension.cs: 1125 - Retrieving features of type [CoordSys] from wheel-8
2026-05-14 21:11:13,705 INFO  ExportHelperExtension.cs: 1136 - Found 32 in wheel-8
2026-05-14 21:11:13,707 INFO  ExportHelperExtension.cs: 1145 - Found 0 features of type [CoordSys] in wheel-8
2026-05-14 21:11:13,707 INFO  ExportHelperExtension.cs: 1125 - Retrieving features of type [CoordSys] from bumper-2
2026-05-14 21:11:13,707 INFO  ExportHelperExtension.cs: 1136 - Found 62 in bumper-2
2026-05-14 21:11:13,708 INFO  ExportHelperExtension.cs: 1145 - Found 0 features of type [CoordSys] in bumper-2
2026-05-14 21:11:13,708 INFO  ExportHelperExtension.cs: 1125 - Retrieving features of type [CoordSys] from Wheel_front-3
2026-05-14 21:11:13,708 INFO  ExportHelperExtension.cs: 1136 - Found 29 in Wheel_front-3
2026-05-14 21:11:13,718 INFO  ExportHelperExtension.cs: 1145 - Found 0 features of type [CoordSys] in Wheel_front-3
2026-05-14 21:11:13,718 INFO  ExportHelperExtension.cs: 1125 - Retrieving features of type [CoordSys] from bumper-3
2026-05-14 21:11:13,787 INFO  ExportHelperExtension.cs: 1136 - Found 62 in bumper-3
2026-05-14 21:11:13,789 INFO  ExportHelperExtension.cs: 1145 - Found 0 features of type [CoordSys] in bumper-3
2026-05-14 21:11:13,789 INFO  ExportHelperExtension.cs: 1125 - Retrieving features of type [CoordSys] from Part2-1
2026-05-14 21:11:13,789 INFO  ExportHelperExtension.cs: 1136 - Found 60 in Part2-1
2026-05-14 21:11:13,789 INFO  ExportHelperExtension.cs: 1145 - Found 0 features of type [CoordSys] in Part2-1
2026-05-14 21:11:13,789 INFO  ExportHelperExtension.cs: 1125 - Retrieving features of type [CoordSys] from Part3-1
2026-05-14 21:11:13,791 INFO  ExportHelperExtension.cs: 1136 - Found 56 in Part3-1
2026-05-14 21:11:13,791 INFO  ExportHelperExtension.cs: 1145 - Found 0 features of type [CoordSys] in Part3-1
2026-05-14 21:11:13,791 INFO  ExportHelperExtension.cs: 1125 - Retrieving features of type [CoordSys] from MainBase-1
2026-05-14 21:11:13,791 INFO  ExportHelperExtension.cs: 1136 - Found 49 in MainBase-1
2026-05-14 21:11:13,791 INFO  ExportHelperExtension.cs: 1145 - Found 0 features of type [CoordSys] in MainBase-1
2026-05-14 21:11:13,791 INFO  ExportHelperExtension.cs: 1125 - Retrieving features of type [CoordSys] from Part4-edit-1
2026-05-14 21:11:13,793 INFO  ExportHelperExtension.cs: 1136 - Found 67 in Part4-edit-1
2026-05-14 21:11:13,793 INFO  ExportHelperExtension.cs: 1145 - Found 0 features of type [CoordSys] in Part4-edit-1
2026-05-14 21:11:13,793 INFO  ExportHelperExtension.cs: 1125 - Retrieving features of type [CoordSys] from SupportBase-1
2026-05-14 21:11:13,793 INFO  ExportHelperExtension.cs: 1136 - Found 52 in SupportBase-1
2026-05-14 21:11:13,793 INFO  ExportHelperExtension.cs: 1145 - Found 0 features of type [CoordSys] in SupportBase-1
2026-05-14 21:11:13,793 INFO  ExportHelperExtension.cs: 1125 - Retrieving features of type [CoordSys] from battery-3
2026-05-14 21:11:13,795 INFO  ExportHelperExtension.cs: 1136 - Found 25 in battery-3
2026-05-14 21:11:13,795 INFO  ExportHelperExtension.cs: 1145 - Found 0 features of type [CoordSys] in battery-3
2026-05-14 21:11:13,795 INFO  ExportHelperExtension.cs: 1125 - Retrieving features of type [CoordSys] from batteryswapper-1
2026-05-14 21:11:13,795 INFO  ExportHelperExtension.cs: 1136 - Found 31 in batteryswapper-1
2026-05-14 21:11:13,795 INFO  ExportHelperExtension.cs: 1145 - Found 0 features of type [CoordSys] in batteryswapper-1
2026-05-14 21:11:13,795 INFO  ExportHelperExtension.cs: 1125 - Retrieving features of type [CoordSys] from Batteryholder-2
2026-05-14 21:11:13,795 INFO  ExportHelperExtension.cs: 1136 - Found 65 in Batteryholder-2
2026-05-14 21:11:13,797 INFO  ExportHelperExtension.cs: 1145 - Found 0 features of type [CoordSys] in Batteryholder-2
2026-05-14 21:11:13,797 INFO  ExportHelperExtension.cs: 1125 - Retrieving features of type [CoordSys] from STM32 Nucleo Case v2-1
2026-05-14 21:11:13,797 INFO  ExportHelperExtension.cs: 1136 - Found 83 in STM32 Nucleo Case v2-1
2026-05-14 21:11:13,797 INFO  ExportHelperExtension.cs: 1145 - Found 0 features of type [CoordSys] in STM32 Nucleo Case v2-1
2026-05-14 21:11:13,797 INFO  ExportHelperExtension.cs: 1125 - Retrieving features of type [CoordSys] from batteryswapper-2
2026-05-14 21:11:13,797 INFO  ExportHelperExtension.cs: 1136 - Found 31 in batteryswapper-2
2026-05-14 21:11:13,799 INFO  ExportHelperExtension.cs: 1145 - Found 0 features of type [CoordSys] in batteryswapper-2
2026-05-14 21:11:13,799 INFO  ExportHelperExtension.cs: 1125 - Retrieving features of type [CoordSys] from battery-4
2026-05-14 21:11:13,799 INFO  ExportHelperExtension.cs: 1136 - Found 25 in battery-4
2026-05-14 21:11:13,799 INFO  ExportHelperExtension.cs: 1145 - Found 0 features of type [CoordSys] in battery-4
2026-05-14 21:11:13,799 INFO  ExportHelperExtension.cs: 1125 - Retrieving features of type [RefAxis] from simplify
2026-05-14 21:11:13,799 INFO  ExportHelperExtension.cs: 1136 - Found 240 in simplify
2026-05-14 21:11:13,800 INFO  ExportHelperExtension.cs: 1145 - Found 2 features of type [RefAxis] in simplify
2026-05-14 21:11:13,800 INFO  ExportHelperExtension.cs: 1148 - Proceeding through assembly components
2026-05-14 21:11:13,800 INFO  ExportHelperExtension.cs: 1160 - 34 components to check
2026-05-14 21:11:13,800 INFO  ExportHelperExtension.cs: 1125 - Retrieving features of type [RefAxis] from imu_stickmock-1
2026-05-14 21:11:13,800 INFO  ExportHelperExtension.cs: 1136 - Found 29 in imu_stickmock-1
2026-05-14 21:11:13,802 INFO  ExportHelperExtension.cs: 1145 - Found 0 features of type [RefAxis] in imu_stickmock-1
2026-05-14 21:11:13,802 INFO  ExportHelperExtension.cs: 1125 - Retrieving features of type [RefAxis] from LEDspuck-1
2026-05-14 21:11:13,802 INFO  ExportHelperExtension.cs: 1136 - Found 52 in LEDspuck-1
2026-05-14 21:11:13,802 INFO  ExportHelperExtension.cs: 1145 - Found 0 features of type [RefAxis] in LEDspuck-1
2026-05-14 21:11:13,802 INFO  ExportHelperExtension.cs: 1125 - Retrieving features of type [RefAxis] from Batteryholder-3
2026-05-14 21:11:13,802 INFO  ExportHelperExtension.cs: 1136 - Found 65 in Batteryholder-3
2026-05-14 21:11:13,802 INFO  ExportHelperExtension.cs: 1145 - Found 0 features of type [RefAxis] in Batteryholder-3
2026-05-14 21:11:13,804 INFO  ExportHelperExtension.cs: 1125 - Retrieving features of type [RefAxis] from nucunderupper-1
2026-05-14 21:11:13,804 INFO  ExportHelperExtension.cs: 1136 - Found 37 in nucunderupper-1
2026-05-14 21:11:13,804 INFO  ExportHelperExtension.cs: 1145 - Found 0 features of type [RefAxis] in nucunderupper-1
2026-05-14 21:11:13,804 INFO  ExportHelperExtension.cs: 1125 - Retrieving features of type [RefAxis] from SupportbaseExtruder-1
2026-05-14 21:11:13,804 INFO  ExportHelperExtension.cs: 1136 - Found 45 in SupportbaseExtruder-1
2026-05-14 21:11:13,804 INFO  ExportHelperExtension.cs: 1145 - Found 0 features of type [RefAxis] in SupportbaseExtruder-1
2026-05-14 21:11:13,804 INFO  ExportHelperExtension.cs: 1125 - Retrieving features of type [RefAxis] from SupportbaseExtruder2-1
2026-05-14 21:11:13,806 INFO  ExportHelperExtension.cs: 1136 - Found 47 in SupportbaseExtruder2-1
2026-05-14 21:11:13,806 INFO  ExportHelperExtension.cs: 1145 - Found 0 features of type [RefAxis] in SupportbaseExtruder2-1
2026-05-14 21:11:13,806 INFO  ExportHelperExtension.cs: 1125 - Retrieving features of type [RefAxis] from nucunderlyer-1
2026-05-14 21:11:13,806 INFO  ExportHelperExtension.cs: 1136 - Found 58 in nucunderlyer-1
2026-05-14 21:11:13,806 INFO  ExportHelperExtension.cs: 1145 - Found 0 features of type [RefAxis] in nucunderlyer-1
2026-05-14 21:11:13,806 INFO  ExportHelperExtension.cs: 1125 - Retrieving features of type [RefAxis] from RPLIDAR C1-1
2026-05-14 21:11:13,806 INFO  ExportHelperExtension.cs: 1136 - Found 124 in RPLIDAR C1-1
2026-05-14 21:11:13,808 INFO  ExportHelperExtension.cs: 1145 - Found 3 features of type [RefAxis] in RPLIDAR C1-1
2026-05-14 21:11:13,808 INFO  ExportHelperExtension.cs: 1125 - Retrieving features of type [RefAxis] from rplidarunderscore-1
2026-05-14 21:11:13,808 INFO  ExportHelperExtension.cs: 1136 - Found 45 in rplidarunderscore-1
2026-05-14 21:11:13,808 INFO  ExportHelperExtension.cs: 1145 - Found 0 features of type [RefAxis] in rplidarunderscore-1
2026-05-14 21:11:13,808 INFO  ExportHelperExtension.cs: 1125 - Retrieving features of type [RefAxis] from Wheel_front-1
2026-05-14 21:11:13,808 INFO  ExportHelperExtension.cs: 1136 - Found 29 in Wheel_front-1
2026-05-14 21:11:13,810 INFO  ExportHelperExtension.cs: 1145 - Found 1 features of type [RefAxis] in Wheel_front-1
2026-05-14 21:11:13,810 INFO  ExportHelperExtension.cs: 1125 - Retrieving features of type [RefAxis] from wheel-8
2026-05-14 21:11:13,810 INFO  ExportHelperExtension.cs: 1136 - Found 32 in wheel-8
2026-05-14 21:11:13,810 INFO  ExportHelperExtension.cs: 1145 - Found 0 features of type [RefAxis] in wheel-8
2026-05-14 21:11:13,810 INFO  ExportHelperExtension.cs: 1125 - Retrieving features of type [RefAxis] from bumper-2
2026-05-14 21:11:13,810 INFO  ExportHelperExtension.cs: 1136 - Found 62 in bumper-2
2026-05-14 21:11:13,810 INFO  ExportHelperExtension.cs: 1145 - Found 0 features of type [RefAxis] in bumper-2
2026-05-14 21:11:13,812 INFO  ExportHelperExtension.cs: 1125 - Retrieving features of type [RefAxis] from Wheel_front-3
2026-05-14 21:11:13,812 INFO  ExportHelperExtension.cs: 1136 - Found 29 in Wheel_front-3
2026-05-14 21:11:13,812 INFO  ExportHelperExtension.cs: 1145 - Found 1 features of type [RefAxis] in Wheel_front-3
2026-05-14 21:11:13,812 INFO  ExportHelperExtension.cs: 1125 - Retrieving features of type [RefAxis] from bumper-3
2026-05-14 21:11:13,812 INFO  ExportHelperExtension.cs: 1136 - Found 62 in bumper-3
2026-05-14 21:11:13,812 INFO  ExportHelperExtension.cs: 1145 - Found 0 features of type [RefAxis] in bumper-3
2026-05-14 21:11:13,814 INFO  ExportHelperExtension.cs: 1125 - Retrieving features of type [RefAxis] from Part2-1
2026-05-14 21:11:13,814 INFO  ExportHelperExtension.cs: 1136 - Found 60 in Part2-1
2026-05-14 21:11:13,814 INFO  ExportHelperExtension.cs: 1145 - Found 0 features of type [RefAxis] in Part2-1
2026-05-14 21:11:13,814 INFO  ExportHelperExtension.cs: 1125 - Retrieving features of type [RefAxis] from Part3-1
2026-05-14 21:11:13,814 INFO  ExportHelperExtension.cs: 1136 - Found 56 in Part3-1
2026-05-14 21:11:13,816 INFO  ExportHelperExtension.cs: 1145 - Found 0 features of type [RefAxis] in Part3-1
2026-05-14 21:11:13,816 INFO  ExportHelperExtension.cs: 1125 - Retrieving features of type [RefAxis] from MainBase-1
2026-05-14 21:11:13,816 INFO  ExportHelperExtension.cs: 1136 - Found 49 in MainBase-1
2026-05-14 21:11:13,816 INFO  ExportHelperExtension.cs: 1145 - Found 0 features of type [RefAxis] in MainBase-1
2026-05-14 21:11:13,816 INFO  ExportHelperExtension.cs: 1125 - Retrieving features of type [RefAxis] from Part4-edit-1
2026-05-14 21:11:13,816 INFO  ExportHelperExtension.cs: 1136 - Found 67 in Part4-edit-1
2026-05-14 21:11:13,816 INFO  ExportHelperExtension.cs: 1145 - Found 0 features of type [RefAxis] in Part4-edit-1
2026-05-14 21:11:13,818 INFO  ExportHelperExtension.cs: 1125 - Retrieving features of type [RefAxis] from SupportBase-1
2026-05-14 21:11:13,818 INFO  ExportHelperExtension.cs: 1136 - Found 52 in SupportBase-1
2026-05-14 21:11:13,818 INFO  ExportHelperExtension.cs: 1145 - Found 0 features of type [RefAxis] in SupportBase-1
2026-05-14 21:11:13,818 INFO  ExportHelperExtension.cs: 1125 - Retrieving features of type [RefAxis] from battery-3
2026-05-14 21:11:13,818 INFO  ExportHelperExtension.cs: 1136 - Found 25 in battery-3
2026-05-14 21:11:13,818 INFO  ExportHelperExtension.cs: 1145 - Found 0 features of type [RefAxis] in battery-3
2026-05-14 21:11:13,818 INFO  ExportHelperExtension.cs: 1125 - Retrieving features of type [RefAxis] from batteryswapper-1
2026-05-14 21:11:13,820 INFO  ExportHelperExtension.cs: 1136 - Found 31 in batteryswapper-1
2026-05-14 21:11:13,820 INFO  ExportHelperExtension.cs: 1145 - Found 0 features of type [RefAxis] in batteryswapper-1
2026-05-14 21:11:13,820 INFO  ExportHelperExtension.cs: 1125 - Retrieving features of type [RefAxis] from Batteryholder-2
2026-05-14 21:11:13,820 INFO  ExportHelperExtension.cs: 1136 - Found 65 in Batteryholder-2
2026-05-14 21:11:13,820 INFO  ExportHelperExtension.cs: 1145 - Found 0 features of type [RefAxis] in Batteryholder-2
2026-05-14 21:11:13,820 INFO  ExportHelperExtension.cs: 1125 - Retrieving features of type [RefAxis] from STM32 Nucleo Case v2-1
2026-05-14 21:11:13,822 INFO  ExportHelperExtension.cs: 1136 - Found 83 in STM32 Nucleo Case v2-1
2026-05-14 21:11:13,822 INFO  ExportHelperExtension.cs: 1145 - Found 0 features of type [RefAxis] in STM32 Nucleo Case v2-1
2026-05-14 21:11:13,822 INFO  ExportHelperExtension.cs: 1125 - Retrieving features of type [RefAxis] from batteryswapper-2
2026-05-14 21:11:13,822 INFO  ExportHelperExtension.cs: 1136 - Found 31 in batteryswapper-2
2026-05-14 21:11:13,822 INFO  ExportHelperExtension.cs: 1145 - Found 0 features of type [RefAxis] in batteryswapper-2
2026-05-14 21:11:13,822 INFO  ExportHelperExtension.cs: 1125 - Retrieving features of type [RefAxis] from battery-4
2026-05-14 21:11:13,822 INFO  ExportHelperExtension.cs: 1136 - Found 25 in battery-4
2026-05-14 21:11:13,822 INFO  ExportHelperExtension.cs: 1145 - Found 0 features of type [RefAxis] in battery-4
2026-05-14 21:11:14,120 INFO  SwAddin.cs: 339 - Loading config tree
2026-05-14 21:11:14,130 INFO  ExportPropertyManagerExtension.cs: 520 - Starting new configuration
2026-05-14 21:11:14,134 INFO  SwAddin.cs: 344 - Showing property manager
2026-05-14 21:11:18,318 INFO  ExportPropertyManager.cs: 1018 - OnComboboxSelectionChanged called. This method no longer throws an Exception. It just silently does nothing. Ok, except for this logging message
2026-05-14 21:12:59,046 INFO  ExportPropertyManager.cs: 416 - Configuration canceled
2026-05-14 21:12:59,177 INFO  ExportPropertyManager.cs: 1142 - AfterClose called. This method no longer throws an Exception. It just silently does nothing. Ok, except for this logging message
2026-05-14 21:16:09,643 INFO  SwAddin.cs: 294 - Assembly export called for file simplify
2026-05-14 21:16:09,643 INFO  SwAddin.cs: 299 - Save is required
2026-05-14 21:16:09,643 INFO  SwAddin.cs: 313 - Saving assembly
2026-05-14 21:16:11,338 INFO  SwAddin.cs: 316 - Opening property manager
2026-05-14 21:16:11,338 INFO  ExportHelperExtension.cs: 1125 - Retrieving features of type [CoordSys] from simplify
2026-05-14 21:16:11,338 INFO  ExportHelperExtension.cs: 1136 - Found 240 in simplify
2026-05-14 21:16:11,338 INFO  ExportHelperExtension.cs: 1145 - Found 9 features of type [CoordSys] in simplify
2026-05-14 21:16:11,338 INFO  ExportHelperExtension.cs: 1148 - Proceeding through assembly components
2026-05-14 21:16:11,340 INFO  ExportHelperExtension.cs: 1160 - 34 components to check
2026-05-14 21:16:11,340 INFO  ExportHelperExtension.cs: 1125 - Retrieving features of type [CoordSys] from imu_stickmock-1
2026-05-14 21:16:11,340 INFO  ExportHelperExtension.cs: 1136 - Found 30 in imu_stickmock-1
2026-05-14 21:16:11,340 INFO  ExportHelperExtension.cs: 1145 - Found 0 features of type [CoordSys] in imu_stickmock-1
2026-05-14 21:16:11,340 INFO  ExportHelperExtension.cs: 1125 - Retrieving features of type [CoordSys] from LEDspuck-1
2026-05-14 21:16:11,340 INFO  ExportHelperExtension.cs: 1136 - Found 52 in LEDspuck-1
2026-05-14 21:16:11,342 INFO  ExportHelperExtension.cs: 1145 - Found 0 features of type [CoordSys] in LEDspuck-1
2026-05-14 21:16:11,342 INFO  ExportHelperExtension.cs: 1125 - Retrieving features of type [CoordSys] from Batteryholder-3
2026-05-14 21:16:11,342 INFO  ExportHelperExtension.cs: 1136 - Found 65 in Batteryholder-3
2026-05-14 21:16:11,342 INFO  ExportHelperExtension.cs: 1145 - Found 0 features of type [CoordSys] in Batteryholder-3
2026-05-14 21:16:11,342 INFO  ExportHelperExtension.cs: 1125 - Retrieving features of type [CoordSys] from nucunderupper-1
2026-05-14 21:16:11,342 INFO  ExportHelperExtension.cs: 1136 - Found 37 in nucunderupper-1
2026-05-14 21:16:11,344 INFO  ExportHelperExtension.cs: 1145 - Found 0 features of type [CoordSys] in nucunderupper-1
2026-05-14 21:16:11,344 INFO  ExportHelperExtension.cs: 1125 - Retrieving features of type [CoordSys] from SupportbaseExtruder-1
2026-05-14 21:16:11,344 INFO  ExportHelperExtension.cs: 1136 - Found 45 in SupportbaseExtruder-1
2026-05-14 21:16:11,344 INFO  ExportHelperExtension.cs: 1145 - Found 0 features of type [CoordSys] in SupportbaseExtruder-1
2026-05-14 21:16:11,345 INFO  ExportHelperExtension.cs: 1125 - Retrieving features of type [CoordSys] from SupportbaseExtruder2-1
2026-05-14 21:16:11,345 INFO  ExportHelperExtension.cs: 1136 - Found 47 in SupportbaseExtruder2-1
2026-05-14 21:16:11,345 INFO  ExportHelperExtension.cs: 1145 - Found 0 features of type [CoordSys] in SupportbaseExtruder2-1
2026-05-14 21:16:11,345 INFO  ExportHelperExtension.cs: 1125 - Retrieving features of type [CoordSys] from nucunderlyer-1
2026-05-14 21:16:11,345 INFO  ExportHelperExtension.cs: 1136 - Found 57 in nucunderlyer-1
2026-05-14 21:16:11,345 INFO  ExportHelperExtension.cs: 1145 - Found 0 features of type [CoordSys] in nucunderlyer-1
2026-05-14 21:16:11,347 INFO  ExportHelperExtension.cs: 1125 - Retrieving features of type [CoordSys] from RPLIDAR C1-1
2026-05-14 21:16:11,347 INFO  ExportHelperExtension.cs: 1136 - Found 124 in RPLIDAR C1-1
2026-05-14 21:16:11,347 INFO  ExportHelperExtension.cs: 1145 - Found 0 features of type [CoordSys] in RPLIDAR C1-1
2026-05-14 21:16:11,347 INFO  ExportHelperExtension.cs: 1125 - Retrieving features of type [CoordSys] from rplidarunderscore-1
2026-05-14 21:16:11,347 INFO  ExportHelperExtension.cs: 1136 - Found 45 in rplidarunderscore-1
2026-05-14 21:16:11,349 INFO  ExportHelperExtension.cs: 1145 - Found 0 features of type [CoordSys] in rplidarunderscore-1
2026-05-14 21:16:11,349 INFO  ExportHelperExtension.cs: 1125 - Retrieving features of type [CoordSys] from Wheel_front-1
2026-05-14 21:16:11,349 INFO  ExportHelperExtension.cs: 1136 - Found 29 in Wheel_front-1
2026-05-14 21:16:11,349 INFO  ExportHelperExtension.cs: 1145 - Found 0 features of type [CoordSys] in Wheel_front-1
2026-05-14 21:16:11,349 INFO  ExportHelperExtension.cs: 1125 - Retrieving features of type [CoordSys] from wheel-8
2026-05-14 21:16:11,349 INFO  ExportHelperExtension.cs: 1136 - Found 32 in wheel-8
2026-05-14 21:16:11,351 INFO  ExportHelperExtension.cs: 1145 - Found 0 features of type [CoordSys] in wheel-8
2026-05-14 21:16:11,351 INFO  ExportHelperExtension.cs: 1125 - Retrieving features of type [CoordSys] from bumper-2
2026-05-14 21:16:11,351 INFO  ExportHelperExtension.cs: 1136 - Found 62 in bumper-2
2026-05-14 21:16:11,351 INFO  ExportHelperExtension.cs: 1145 - Found 0 features of type [CoordSys] in bumper-2
2026-05-14 21:16:11,351 INFO  ExportHelperExtension.cs: 1125 - Retrieving features of type [CoordSys] from Wheel_front-3
2026-05-14 21:16:11,351 INFO  ExportHelperExtension.cs: 1136 - Found 29 in Wheel_front-3
2026-05-14 21:16:11,353 INFO  ExportHelperExtension.cs: 1145 - Found 0 features of type [CoordSys] in Wheel_front-3
2026-05-14 21:16:11,353 INFO  ExportHelperExtension.cs: 1125 - Retrieving features of type [CoordSys] from bumper-3
2026-05-14 21:16:11,353 INFO  ExportHelperExtension.cs: 1136 - Found 62 in bumper-3
2026-05-14 21:16:11,353 INFO  ExportHelperExtension.cs: 1145 - Found 0 features of type [CoordSys] in bumper-3
2026-05-14 21:16:11,353 INFO  ExportHelperExtension.cs: 1125 - Retrieving features of type [CoordSys] from Part2-1
2026-05-14 21:16:11,353 INFO  ExportHelperExtension.cs: 1136 - Found 60 in Part2-1
2026-05-14 21:16:11,355 INFO  ExportHelperExtension.cs: 1145 - Found 0 features of type [CoordSys] in Part2-1
2026-05-14 21:16:11,355 INFO  ExportHelperExtension.cs: 1125 - Retrieving features of type [CoordSys] from Part3-1
2026-05-14 21:16:11,355 INFO  ExportHelperExtension.cs: 1136 - Found 56 in Part3-1
2026-05-14 21:16:11,355 INFO  ExportHelperExtension.cs: 1145 - Found 0 features of type [CoordSys] in Part3-1
2026-05-14 21:16:11,355 INFO  ExportHelperExtension.cs: 1125 - Retrieving features of type [CoordSys] from MainBase-1
2026-05-14 21:16:11,357 INFO  ExportHelperExtension.cs: 1136 - Found 49 in MainBase-1
2026-05-14 21:16:11,357 INFO  ExportHelperExtension.cs: 1145 - Found 0 features of type [CoordSys] in MainBase-1
2026-05-14 21:16:11,357 INFO  ExportHelperExtension.cs: 1125 - Retrieving features of type [CoordSys] from Part4-edit-1
2026-05-14 21:16:11,357 INFO  ExportHelperExtension.cs: 1136 - Found 67 in Part4-edit-1
2026-05-14 21:16:11,357 INFO  ExportHelperExtension.cs: 1145 - Found 0 features of type [CoordSys] in Part4-edit-1
2026-05-14 21:16:11,357 INFO  ExportHelperExtension.cs: 1125 - Retrieving features of type [CoordSys] from SupportBase-1
2026-05-14 21:16:11,359 INFO  ExportHelperExtension.cs: 1136 - Found 52 in SupportBase-1
2026-05-14 21:16:11,359 INFO  ExportHelperExtension.cs: 1145 - Found 0 features of type [CoordSys] in SupportBase-1
2026-05-14 21:16:11,359 INFO  ExportHelperExtension.cs: 1125 - Retrieving features of type [CoordSys] from battery-3
2026-05-14 21:16:11,359 INFO  ExportHelperExtension.cs: 1136 - Found 25 in battery-3
2026-05-14 21:16:11,361 INFO  ExportHelperExtension.cs: 1145 - Found 0 features of type [CoordSys] in battery-3
2026-05-14 21:16:11,361 INFO  ExportHelperExtension.cs: 1125 - Retrieving features of type [CoordSys] from batteryswapper-1
2026-05-14 21:16:11,361 INFO  ExportHelperExtension.cs: 1136 - Found 31 in batteryswapper-1
2026-05-14 21:16:11,361 INFO  ExportHelperExtension.cs: 1145 - Found 0 features of type [CoordSys] in batteryswapper-1
2026-05-14 21:16:11,361 INFO  ExportHelperExtension.cs: 1125 - Retrieving features of type [CoordSys] from Batteryholder-2
2026-05-14 21:16:11,361 INFO  ExportHelperExtension.cs: 1136 - Found 65 in Batteryholder-2
2026-05-14 21:16:11,361 INFO  ExportHelperExtension.cs: 1145 - Found 0 features of type [CoordSys] in Batteryholder-2
2026-05-14 21:16:11,361 INFO  ExportHelperExtension.cs: 1125 - Retrieving features of type [CoordSys] from STM32 Nucleo Case v2-1
2026-05-14 21:16:11,361 INFO  ExportHelperExtension.cs: 1136 - Found 83 in STM32 Nucleo Case v2-1
2026-05-14 21:16:11,361 INFO  ExportHelperExtension.cs: 1145 - Found 0 features of type [CoordSys] in STM32 Nucleo Case v2-1
2026-05-14 21:16:11,361 INFO  ExportHelperExtension.cs: 1125 - Retrieving features of type [CoordSys] from batteryswapper-2
2026-05-14 21:16:11,361 INFO  ExportHelperExtension.cs: 1136 - Found 31 in batteryswapper-2
2026-05-14 21:16:11,361 INFO  ExportHelperExtension.cs: 1145 - Found 0 features of type [CoordSys] in batteryswapper-2
2026-05-14 21:16:11,361 INFO  ExportHelperExtension.cs: 1125 - Retrieving features of type [CoordSys] from battery-4
2026-05-14 21:16:11,361 INFO  ExportHelperExtension.cs: 1136 - Found 25 in battery-4
2026-05-14 21:16:11,361 INFO  ExportHelperExtension.cs: 1145 - Found 0 features of type [CoordSys] in battery-4
2026-05-14 21:16:11,368 INFO  ExportHelperExtension.cs: 1125 - Retrieving features of type [RefAxis] from simplify
2026-05-14 21:16:11,368 INFO  ExportHelperExtension.cs: 1136 - Found 240 in simplify
2026-05-14 21:16:11,369 INFO  ExportHelperExtension.cs: 1145 - Found 2 features of type [RefAxis] in simplify
2026-05-14 21:16:11,369 INFO  ExportHelperExtension.cs: 1148 - Proceeding through assembly components
2026-05-14 21:16:11,369 INFO  ExportHelperExtension.cs: 1160 - 34 components to check
2026-05-14 21:16:11,370 INFO  ExportHelperExtension.cs: 1125 - Retrieving features of type [RefAxis] from imu_stickmock-1
2026-05-14 21:16:11,370 INFO  ExportHelperExtension.cs: 1136 - Found 30 in imu_stickmock-1
2026-05-14 21:16:11,370 INFO  ExportHelperExtension.cs: 1145 - Found 0 features of type [RefAxis] in imu_stickmock-1
2026-05-14 21:16:11,370 INFO  ExportHelperExtension.cs: 1125 - Retrieving features of type [RefAxis] from LEDspuck-1
2026-05-14 21:16:11,370 INFO  ExportHelperExtension.cs: 1136 - Found 52 in LEDspuck-1
2026-05-14 21:16:11,371 INFO  ExportHelperExtension.cs: 1145 - Found 0 features of type [RefAxis] in LEDspuck-1
2026-05-14 21:16:11,371 INFO  ExportHelperExtension.cs: 1125 - Retrieving features of type [RefAxis] from Batteryholder-3
2026-05-14 21:16:11,371 INFO  ExportHelperExtension.cs: 1136 - Found 65 in Batteryholder-3
2026-05-14 21:16:11,371 INFO  ExportHelperExtension.cs: 1145 - Found 0 features of type [RefAxis] in Batteryholder-3
2026-05-14 21:16:11,371 INFO  ExportHelperExtension.cs: 1125 - Retrieving features of type [RefAxis] from nucunderupper-1
2026-05-14 21:16:11,371 INFO  ExportHelperExtension.cs: 1136 - Found 37 in nucunderupper-1
2026-05-14 21:16:11,371 INFO  ExportHelperExtension.cs: 1145 - Found 0 features of type [RefAxis] in nucunderupper-1
2026-05-14 21:16:11,371 INFO  ExportHelperExtension.cs: 1125 - Retrieving features of type [RefAxis] from SupportbaseExtruder-1
2026-05-14 21:16:11,371 INFO  ExportHelperExtension.cs: 1136 - Found 45 in SupportbaseExtruder-1
2026-05-14 21:16:11,371 INFO  ExportHelperExtension.cs: 1145 - Found 0 features of type [RefAxis] in SupportbaseExtruder-1
2026-05-14 21:16:11,371 INFO  ExportHelperExtension.cs: 1125 - Retrieving features of type [RefAxis] from SupportbaseExtruder2-1
2026-05-14 21:16:11,371 INFO  ExportHelperExtension.cs: 1136 - Found 47 in SupportbaseExtruder2-1
2026-05-14 21:16:11,371 INFO  ExportHelperExtension.cs: 1145 - Found 0 features of type [RefAxis] in SupportbaseExtruder2-1
2026-05-14 21:16:11,371 INFO  ExportHelperExtension.cs: 1125 - Retrieving features of type [RefAxis] from nucunderlyer-1
2026-05-14 21:16:11,371 INFO  ExportHelperExtension.cs: 1136 - Found 57 in nucunderlyer-1
2026-05-14 21:16:11,371 INFO  ExportHelperExtension.cs: 1145 - Found 0 features of type [RefAxis] in nucunderlyer-1
2026-05-14 21:16:11,371 INFO  ExportHelperExtension.cs: 1125 - Retrieving features of type [RefAxis] from RPLIDAR C1-1
2026-05-14 21:16:11,377 INFO  ExportHelperExtension.cs: 1136 - Found 124 in RPLIDAR C1-1
2026-05-14 21:16:11,377 INFO  ExportHelperExtension.cs: 1145 - Found 3 features of type [RefAxis] in RPLIDAR C1-1
2026-05-14 21:16:11,377 INFO  ExportHelperExtension.cs: 1125 - Retrieving features of type [RefAxis] from rplidarunderscore-1
2026-05-14 21:16:11,377 INFO  ExportHelperExtension.cs: 1136 - Found 45 in rplidarunderscore-1
2026-05-14 21:16:11,379 INFO  ExportHelperExtension.cs: 1145 - Found 0 features of type [RefAxis] in rplidarunderscore-1
2026-05-14 21:16:11,379 INFO  ExportHelperExtension.cs: 1125 - Retrieving features of type [RefAxis] from Wheel_front-1
2026-05-14 21:16:11,379 INFO  ExportHelperExtension.cs: 1136 - Found 29 in Wheel_front-1
2026-05-14 21:16:11,379 INFO  ExportHelperExtension.cs: 1145 - Found 1 features of type [RefAxis] in Wheel_front-1
2026-05-14 21:16:11,379 INFO  ExportHelperExtension.cs: 1125 - Retrieving features of type [RefAxis] from wheel-8
2026-05-14 21:16:11,494 INFO  ExportHelperExtension.cs: 1136 - Found 32 in wheel-8
2026-05-14 21:16:11,494 INFO  ExportHelperExtension.cs: 1145 - Found 0 features of type [RefAxis] in wheel-8
2026-05-14 21:16:11,494 INFO  ExportHelperExtension.cs: 1125 - Retrieving features of type [RefAxis] from bumper-2
2026-05-14 21:16:11,497 INFO  ExportHelperExtension.cs: 1136 - Found 62 in bumper-2
2026-05-14 21:16:11,497 INFO  ExportHelperExtension.cs: 1145 - Found 0 features of type [RefAxis] in bumper-2
2026-05-14 21:16:11,497 INFO  ExportHelperExtension.cs: 1125 - Retrieving features of type [RefAxis] from Wheel_front-3
2026-05-14 21:16:11,497 INFO  ExportHelperExtension.cs: 1136 - Found 29 in Wheel_front-3
2026-05-14 21:16:11,498 INFO  ExportHelperExtension.cs: 1145 - Found 1 features of type [RefAxis] in Wheel_front-3
2026-05-14 21:16:11,498 INFO  ExportHelperExtension.cs: 1125 - Retrieving features of type [RefAxis] from bumper-3
2026-05-14 21:16:11,498 INFO  ExportHelperExtension.cs: 1136 - Found 62 in bumper-3
2026-05-14 21:16:11,499 INFO  ExportHelperExtension.cs: 1145 - Found 0 features of type [RefAxis] in bumper-3
2026-05-14 21:16:11,499 INFO  ExportHelperExtension.cs: 1125 - Retrieving features of type [RefAxis] from Part2-1
2026-05-14 21:16:11,499 INFO  ExportHelperExtension.cs: 1136 - Found 60 in Part2-1
2026-05-14 21:16:11,499 INFO  ExportHelperExtension.cs: 1145 - Found 0 features of type [RefAxis] in Part2-1
2026-05-14 21:16:11,499 INFO  ExportHelperExtension.cs: 1125 - Retrieving features of type [RefAxis] from Part3-1
2026-05-14 21:16:11,499 INFO  ExportHelperExtension.cs: 1136 - Found 56 in Part3-1
2026-05-14 21:16:11,499 INFO  ExportHelperExtension.cs: 1145 - Found 0 features of type [RefAxis] in Part3-1
2026-05-14 21:16:11,499 INFO  ExportHelperExtension.cs: 1125 - Retrieving features of type [RefAxis] from MainBase-1
2026-05-14 21:16:11,499 INFO  ExportHelperExtension.cs: 1136 - Found 49 in MainBase-1
2026-05-14 21:16:11,499 INFO  ExportHelperExtension.cs: 1145 - Found 0 features of type [RefAxis] in MainBase-1
2026-05-14 21:16:11,499 INFO  ExportHelperExtension.cs: 1125 - Retrieving features of type [RefAxis] from Part4-edit-1
2026-05-14 21:16:11,499 INFO  ExportHelperExtension.cs: 1136 - Found 67 in Part4-edit-1
2026-05-14 21:16:11,499 INFO  ExportHelperExtension.cs: 1145 - Found 0 features of type [RefAxis] in Part4-edit-1
2026-05-14 21:16:11,499 INFO  ExportHelperExtension.cs: 1125 - Retrieving features of type [RefAxis] from SupportBase-1
2026-05-14 21:16:11,499 INFO  ExportHelperExtension.cs: 1136 - Found 52 in SupportBase-1
2026-05-14 21:16:11,499 INFO  ExportHelperExtension.cs: 1145 - Found 0 features of type [RefAxis] in SupportBase-1
2026-05-14 21:16:11,504 INFO  ExportHelperExtension.cs: 1125 - Retrieving features of type [RefAxis] from battery-3
2026-05-14 21:16:11,504 INFO  ExportHelperExtension.cs: 1136 - Found 25 in battery-3
2026-05-14 21:16:11,504 INFO  ExportHelperExtension.cs: 1145 - Found 0 features of type [RefAxis] in battery-3
2026-05-14 21:16:11,504 INFO  ExportHelperExtension.cs: 1125 - Retrieving features of type [RefAxis] from batteryswapper-1
2026-05-14 21:16:11,504 INFO  ExportHelperExtension.cs: 1136 - Found 31 in batteryswapper-1
2026-05-14 21:16:11,504 INFO  ExportHelperExtension.cs: 1145 - Found 0 features of type [RefAxis] in batteryswapper-1
2026-05-14 21:16:11,504 INFO  ExportHelperExtension.cs: 1125 - Retrieving features of type [RefAxis] from Batteryholder-2
2026-05-14 21:16:11,504 INFO  ExportHelperExtension.cs: 1136 - Found 65 in Batteryholder-2
2026-05-14 21:16:11,506 INFO  ExportHelperExtension.cs: 1145 - Found 0 features of type [RefAxis] in Batteryholder-2
2026-05-14 21:16:11,506 INFO  ExportHelperExtension.cs: 1125 - Retrieving features of type [RefAxis] from STM32 Nucleo Case v2-1
2026-05-14 21:16:11,506 INFO  ExportHelperExtension.cs: 1136 - Found 83 in STM32 Nucleo Case v2-1
2026-05-14 21:16:11,506 INFO  ExportHelperExtension.cs: 1145 - Found 0 features of type [RefAxis] in STM32 Nucleo Case v2-1
2026-05-14 21:16:11,506 INFO  ExportHelperExtension.cs: 1125 - Retrieving features of type [RefAxis] from batteryswapper-2
2026-05-14 21:16:11,506 INFO  ExportHelperExtension.cs: 1136 - Found 31 in batteryswapper-2
2026-05-14 21:16:11,506 INFO  ExportHelperExtension.cs: 1145 - Found 0 features of type [RefAxis] in batteryswapper-2
2026-05-14 21:16:11,506 INFO  ExportHelperExtension.cs: 1125 - Retrieving features of type [RefAxis] from battery-4
2026-05-14 21:16:11,506 INFO  ExportHelperExtension.cs: 1136 - Found 25 in battery-4
2026-05-14 21:16:11,506 INFO  ExportHelperExtension.cs: 1145 - Found 0 features of type [RefAxis] in battery-4
2026-05-14 21:16:11,982 INFO  SwAddin.cs: 339 - Loading config tree
2026-05-14 21:16:11,984 INFO  ExportPropertyManagerExtension.cs: 520 - Starting new configuration
2026-05-14 21:16:11,984 INFO  SwAddin.cs: 344 - Showing property manager
2026-05-14 21:18:40,947 INFO  ExportPropertyManager.cs: 1136 - OnNumberBoxTrackingCompleted called. This method no longer throws an Exception. It just silently does nothing. Ok, except for this logging message
2026-05-14 21:18:41,646 INFO  ExportPropertyManager.cs: 1136 - OnNumberBoxTrackingCompleted called. This method no longer throws an Exception. It just silently does nothing. Ok, except for this logging message
2026-05-14 21:18:42,117 INFO  ExportPropertyManager.cs: 1136 - OnNumberBoxTrackingCompleted called. This method no longer throws an Exception. It just silently does nothing. Ok, except for this logging message
2026-05-14 21:18:42,595 INFO  ExportPropertyManager.cs: 1136 - OnNumberBoxTrackingCompleted called. This method no longer throws an Exception. It just silently does nothing. Ok, except for this logging message
2026-05-14 21:18:43,206 INFO  ExportPropertyManager.cs: 1136 - OnNumberBoxTrackingCompleted called. This method no longer throws an Exception. It just silently does nothing. Ok, except for this logging message
2026-05-14 21:18:50,716 INFO  ExportPropertyManager.cs: 1136 - OnNumberBoxTrackingCompleted called. This method no longer throws an Exception. It just silently does nothing. Ok, except for this logging message
2026-05-14 21:18:50,866 INFO  ExportPropertyManager.cs: 1136 - OnNumberBoxTrackingCompleted called. This method no longer throws an Exception. It just silently does nothing. Ok, except for this logging message
2026-05-14 21:18:52,489 INFO  ExportPropertyManager.cs: 1136 - OnNumberBoxTrackingCompleted called. This method no longer throws an Exception. It just silently does nothing. Ok, except for this logging message
2026-05-14 21:19:30,733 INFO  ExportPropertyManager.cs: 1018 - OnComboboxSelectionChanged called. This method no longer throws an Exception. It just silently does nothing. Ok, except for this logging message
2026-05-14 21:19:58,597 INFO  ExportPropertyManager.cs: 1018 - OnComboboxSelectionChanged called. This method no longer throws an Exception. It just silently does nothing. Ok, except for this logging message
2026-05-14 21:20:21,693 INFO  ExportPropertyManager.cs: 1018 - OnComboboxSelectionChanged called. This method no longer throws an Exception. It just silently does nothing. Ok, except for this logging message
2026-05-14 21:21:44,244 INFO  ExportPropertyManager.cs: 1018 - OnComboboxSelectionChanged called. This method no longer throws an Exception. It just silently does nothing. Ok, except for this logging message
2026-05-14 21:21:46,988 INFO  ExportPropertyManager.cs: 1018 - OnComboboxSelectionChanged called. This method no longer throws an Exception. It just silently does nothing. Ok, except for this logging message
2026-05-14 21:21:49,596 INFO  ExportPropertyManager.cs: 1018 - OnComboboxSelectionChanged called. This method no longer throws an Exception. It just silently does nothing. Ok, except for this logging message
2026-05-14 21:21:51,126 INFO  ExportPropertyManager.cs: 1018 - OnComboboxSelectionChanged called. This method no longer throws an Exception. It just silently does nothing. Ok, except for this logging message
2026-05-14 21:22:16,740 INFO  ExportPropertyManager.cs: 416 - Configuration canceled
2026-05-14 21:22:16,835 INFO  ExportPropertyManager.cs: 1142 - AfterClose called. This method no longer throws an Exception. It just silently does nothing. Ok, except for this logging message
2026-05-14 21:31:28,277 INFO  SwAddin.cs: 294 - Assembly export called for file simplify
2026-05-14 21:31:28,277 INFO  SwAddin.cs: 299 - Save is required
2026-05-14 21:31:28,277 INFO  SwAddin.cs: 313 - Saving assembly
2026-05-14 21:31:29,774 INFO  SwAddin.cs: 316 - Opening property manager
2026-05-14 21:31:29,774 INFO  ExportHelperExtension.cs: 1125 - Retrieving features of type [CoordSys] from simplify
2026-05-14 21:31:29,774 INFO  ExportHelperExtension.cs: 1136 - Found 241 in simplify
2026-05-14 21:31:29,780 INFO  ExportHelperExtension.cs: 1145 - Found 9 features of type [CoordSys] in simplify
2026-05-14 21:31:29,780 INFO  ExportHelperExtension.cs: 1148 - Proceeding through assembly components
2026-05-14 21:31:29,780 INFO  ExportHelperExtension.cs: 1160 - 34 components to check
2026-05-14 21:31:29,780 INFO  ExportHelperExtension.cs: 1125 - Retrieving features of type [CoordSys] from imu_stickmock-1
2026-05-14 21:31:29,780 INFO  ExportHelperExtension.cs: 1136 - Found 30 in imu_stickmock-1
2026-05-14 21:31:29,780 INFO  ExportHelperExtension.cs: 1145 - Found 0 features of type [CoordSys] in imu_stickmock-1
2026-05-14 21:31:29,780 INFO  ExportHelperExtension.cs: 1125 - Retrieving features of type [CoordSys] from LEDspuck-1
2026-05-14 21:31:29,780 INFO  ExportHelperExtension.cs: 1136 - Found 52 in LEDspuck-1
2026-05-14 21:31:29,783 INFO  ExportHelperExtension.cs: 1145 - Found 0 features of type [CoordSys] in LEDspuck-1
2026-05-14 21:31:29,783 INFO  ExportHelperExtension.cs: 1125 - Retrieving features of type [CoordSys] from Batteryholder-3
2026-05-14 21:31:29,783 INFO  ExportHelperExtension.cs: 1136 - Found 65 in Batteryholder-3
2026-05-14 21:31:29,785 INFO  ExportHelperExtension.cs: 1145 - Found 0 features of type [CoordSys] in Batteryholder-3
2026-05-14 21:31:29,785 INFO  ExportHelperExtension.cs: 1125 - Retrieving features of type [CoordSys] from nucunderupper-1
2026-05-14 21:31:29,785 INFO  ExportHelperExtension.cs: 1136 - Found 37 in nucunderupper-1
2026-05-14 21:31:29,785 INFO  ExportHelperExtension.cs: 1145 - Found 0 features of type [CoordSys] in nucunderupper-1
2026-05-14 21:31:29,786 INFO  ExportHelperExtension.cs: 1125 - Retrieving features of type [CoordSys] from SupportbaseExtruder-1
2026-05-14 21:31:29,786 INFO  ExportHelperExtension.cs: 1136 - Found 45 in SupportbaseExtruder-1
2026-05-14 21:31:29,786 INFO  ExportHelperExtension.cs: 1145 - Found 0 features of type [CoordSys] in SupportbaseExtruder-1
2026-05-14 21:31:29,786 INFO  ExportHelperExtension.cs: 1125 - Retrieving features of type [CoordSys] from SupportbaseExtruder2-1
2026-05-14 21:31:29,787 INFO  ExportHelperExtension.cs: 1136 - Found 47 in SupportbaseExtruder2-1
2026-05-14 21:31:29,787 INFO  ExportHelperExtension.cs: 1145 - Found 0 features of type [CoordSys] in SupportbaseExtruder2-1
2026-05-14 21:31:29,787 INFO  ExportHelperExtension.cs: 1125 - Retrieving features of type [CoordSys] from nucunderlyer-1
2026-05-14 21:31:29,787 INFO  ExportHelperExtension.cs: 1136 - Found 57 in nucunderlyer-1
2026-05-14 21:31:29,787 INFO  ExportHelperExtension.cs: 1145 - Found 0 features of type [CoordSys] in nucunderlyer-1
2026-05-14 21:31:29,787 INFO  ExportHelperExtension.cs: 1125 - Retrieving features of type [CoordSys] from RPLIDAR C1-1
2026-05-14 21:31:29,787 INFO  ExportHelperExtension.cs: 1136 - Found 124 in RPLIDAR C1-1
2026-05-14 21:31:29,787 INFO  ExportHelperExtension.cs: 1145 - Found 0 features of type [CoordSys] in RPLIDAR C1-1
2026-05-14 21:31:29,787 INFO  ExportHelperExtension.cs: 1125 - Retrieving features of type [CoordSys] from rplidarunderscore-1
2026-05-14 21:31:29,787 INFO  ExportHelperExtension.cs: 1136 - Found 45 in rplidarunderscore-1
2026-05-14 21:31:29,787 INFO  ExportHelperExtension.cs: 1145 - Found 0 features of type [CoordSys] in rplidarunderscore-1
2026-05-14 21:31:29,787 INFO  ExportHelperExtension.cs: 1125 - Retrieving features of type [CoordSys] from Wheel_front-1
2026-05-14 21:31:29,792 INFO  ExportHelperExtension.cs: 1136 - Found 29 in Wheel_front-1
2026-05-14 21:31:29,792 INFO  ExportHelperExtension.cs: 1145 - Found 0 features of type [CoordSys] in Wheel_front-1
2026-05-14 21:31:29,792 INFO  ExportHelperExtension.cs: 1125 - Retrieving features of type [CoordSys] from wheel-8
2026-05-14 21:31:29,792 INFO  ExportHelperExtension.cs: 1136 - Found 35 in wheel-8
2026-05-14 21:31:29,792 INFO  ExportHelperExtension.cs: 1145 - Found 0 features of type [CoordSys] in wheel-8
2026-05-14 21:31:29,792 INFO  ExportHelperExtension.cs: 1125 - Retrieving features of type [CoordSys] from bumper-2
2026-05-14 21:31:29,794 INFO  ExportHelperExtension.cs: 1136 - Found 62 in bumper-2
2026-05-14 21:31:29,794 INFO  ExportHelperExtension.cs: 1145 - Found 0 features of type [CoordSys] in bumper-2
2026-05-14 21:31:29,794 INFO  ExportHelperExtension.cs: 1125 - Retrieving features of type [CoordSys] from Wheel_front-3
2026-05-14 21:31:29,794 INFO  ExportHelperExtension.cs: 1136 - Found 29 in Wheel_front-3
2026-05-14 21:31:29,794 INFO  ExportHelperExtension.cs: 1145 - Found 0 features of type [CoordSys] in Wheel_front-3
2026-05-14 21:31:29,794 INFO  ExportHelperExtension.cs: 1125 - Retrieving features of type [CoordSys] from bumper-3
2026-05-14 21:31:29,796 INFO  ExportHelperExtension.cs: 1136 - Found 62 in bumper-3
2026-05-14 21:31:29,796 INFO  ExportHelperExtension.cs: 1145 - Found 0 features of type [CoordSys] in bumper-3
2026-05-14 21:31:29,796 INFO  ExportHelperExtension.cs: 1125 - Retrieving features of type [CoordSys] from Part2-1
2026-05-14 21:31:29,796 INFO  ExportHelperExtension.cs: 1136 - Found 60 in Part2-1
2026-05-14 21:31:29,796 INFO  ExportHelperExtension.cs: 1145 - Found 0 features of type [CoordSys] in Part2-1
2026-05-14 21:31:29,796 INFO  ExportHelperExtension.cs: 1125 - Retrieving features of type [CoordSys] from Part3-1
2026-05-14 21:31:29,798 INFO  ExportHelperExtension.cs: 1136 - Found 56 in Part3-1
2026-05-14 21:31:29,798 INFO  ExportHelperExtension.cs: 1145 - Found 0 features of type [CoordSys] in Part3-1
2026-05-14 21:31:29,798 INFO  ExportHelperExtension.cs: 1125 - Retrieving features of type [CoordSys] from MainBase-1
2026-05-14 21:31:29,798 INFO  ExportHelperExtension.cs: 1136 - Found 49 in MainBase-1
2026-05-14 21:31:29,798 INFO  ExportHelperExtension.cs: 1145 - Found 0 features of type [CoordSys] in MainBase-1
2026-05-14 21:31:29,798 INFO  ExportHelperExtension.cs: 1125 - Retrieving features of type [CoordSys] from Part4-edit-1
2026-05-14 21:31:29,800 INFO  ExportHelperExtension.cs: 1136 - Found 67 in Part4-edit-1
2026-05-14 21:31:29,800 INFO  ExportHelperExtension.cs: 1145 - Found 0 features of type [CoordSys] in Part4-edit-1
2026-05-14 21:31:29,800 INFO  ExportHelperExtension.cs: 1125 - Retrieving features of type [CoordSys] from SupportBase-1
2026-05-14 21:31:29,800 INFO  ExportHelperExtension.cs: 1136 - Found 52 in SupportBase-1
2026-05-14 21:31:29,802 INFO  ExportHelperExtension.cs: 1145 - Found 0 features of type [CoordSys] in SupportBase-1
2026-05-14 21:31:29,802 INFO  ExportHelperExtension.cs: 1125 - Retrieving features of type [CoordSys] from battery-3
2026-05-14 21:31:29,802 INFO  ExportHelperExtension.cs: 1136 - Found 25 in battery-3
2026-05-14 21:31:29,802 INFO  ExportHelperExtension.cs: 1145 - Found 0 features of type [CoordSys] in battery-3
2026-05-14 21:31:29,802 INFO  ExportHelperExtension.cs: 1125 - Retrieving features of type [CoordSys] from batteryswapper-1
2026-05-14 21:31:29,804 INFO  ExportHelperExtension.cs: 1136 - Found 31 in batteryswapper-1
2026-05-14 21:31:29,804 INFO  ExportHelperExtension.cs: 1145 - Found 0 features of type [CoordSys] in batteryswapper-1
2026-05-14 21:31:29,804 INFO  ExportHelperExtension.cs: 1125 - Retrieving features of type [CoordSys] from Batteryholder-2
2026-05-14 21:31:29,804 INFO  ExportHelperExtension.cs: 1136 - Found 65 in Batteryholder-2
2026-05-14 21:31:29,804 INFO  ExportHelperExtension.cs: 1145 - Found 0 features of type [CoordSys] in Batteryholder-2
2026-05-14 21:31:29,804 INFO  ExportHelperExtension.cs: 1125 - Retrieving features of type [CoordSys] from STM32 Nucleo Case v2-1
2026-05-14 21:31:29,806 INFO  ExportHelperExtension.cs: 1136 - Found 83 in STM32 Nucleo Case v2-1
2026-05-14 21:31:29,806 INFO  ExportHelperExtension.cs: 1145 - Found 0 features of type [CoordSys] in STM32 Nucleo Case v2-1
2026-05-14 21:31:29,806 INFO  ExportHelperExtension.cs: 1125 - Retrieving features of type [CoordSys] from batteryswapper-2
2026-05-14 21:31:29,806 INFO  ExportHelperExtension.cs: 1136 - Found 31 in batteryswapper-2
2026-05-14 21:31:29,806 INFO  ExportHelperExtension.cs: 1145 - Found 0 features of type [CoordSys] in batteryswapper-2
2026-05-14 21:31:29,806 INFO  ExportHelperExtension.cs: 1125 - Retrieving features of type [CoordSys] from battery-4
2026-05-14 21:31:29,935 INFO  ExportHelperExtension.cs: 1136 - Found 25 in battery-4
2026-05-14 21:31:29,935 INFO  ExportHelperExtension.cs: 1145 - Found 0 features of type [CoordSys] in battery-4
2026-05-14 21:31:29,935 INFO  ExportHelperExtension.cs: 1125 - Retrieving features of type [RefAxis] from simplify
2026-05-14 21:31:29,935 INFO  ExportHelperExtension.cs: 1136 - Found 241 in simplify
2026-05-14 21:31:29,938 INFO  ExportHelperExtension.cs: 1145 - Found 3 features of type [RefAxis] in simplify
2026-05-14 21:31:29,938 INFO  ExportHelperExtension.cs: 1148 - Proceeding through assembly components
2026-05-14 21:31:29,939 INFO  ExportHelperExtension.cs: 1160 - 34 components to check
2026-05-14 21:31:29,939 INFO  ExportHelperExtension.cs: 1125 - Retrieving features of type [RefAxis] from imu_stickmock-1
2026-05-14 21:31:29,939 INFO  ExportHelperExtension.cs: 1136 - Found 30 in imu_stickmock-1
2026-05-14 21:31:29,939 INFO  ExportHelperExtension.cs: 1145 - Found 0 features of type [RefAxis] in imu_stickmock-1
2026-05-14 21:31:29,940 INFO  ExportHelperExtension.cs: 1125 - Retrieving features of type [RefAxis] from LEDspuck-1
2026-05-14 21:31:29,940 INFO  ExportHelperExtension.cs: 1136 - Found 52 in LEDspuck-1
2026-05-14 21:31:29,940 INFO  ExportHelperExtension.cs: 1145 - Found 0 features of type [RefAxis] in LEDspuck-1
2026-05-14 21:31:29,940 INFO  ExportHelperExtension.cs: 1125 - Retrieving features of type [RefAxis] from Batteryholder-3
2026-05-14 21:31:29,940 INFO  ExportHelperExtension.cs: 1136 - Found 65 in Batteryholder-3
2026-05-14 21:31:29,940 INFO  ExportHelperExtension.cs: 1145 - Found 0 features of type [RefAxis] in Batteryholder-3
2026-05-14 21:31:29,940 INFO  ExportHelperExtension.cs: 1125 - Retrieving features of type [RefAxis] from nucunderupper-1
2026-05-14 21:31:29,940 INFO  ExportHelperExtension.cs: 1136 - Found 37 in nucunderupper-1
2026-05-14 21:31:29,940 INFO  ExportHelperExtension.cs: 1145 - Found 0 features of type [RefAxis] in nucunderupper-1
2026-05-14 21:31:29,940 INFO  ExportHelperExtension.cs: 1125 - Retrieving features of type [RefAxis] from SupportbaseExtruder-1
2026-05-14 21:31:29,940 INFO  ExportHelperExtension.cs: 1136 - Found 45 in SupportbaseExtruder-1
2026-05-14 21:31:29,943 INFO  ExportHelperExtension.cs: 1145 - Found 0 features of type [RefAxis] in SupportbaseExtruder-1
2026-05-14 21:31:29,943 INFO  ExportHelperExtension.cs: 1125 - Retrieving features of type [RefAxis] from SupportbaseExtruder2-1
2026-05-14 21:31:29,943 INFO  ExportHelperExtension.cs: 1136 - Found 47 in SupportbaseExtruder2-1
2026-05-14 21:31:29,943 INFO  ExportHelperExtension.cs: 1145 - Found 0 features of type [RefAxis] in SupportbaseExtruder2-1
2026-05-14 21:31:29,943 INFO  ExportHelperExtension.cs: 1125 - Retrieving features of type [RefAxis] from nucunderlyer-1
2026-05-14 21:31:29,943 INFO  ExportHelperExtension.cs: 1136 - Found 57 in nucunderlyer-1
2026-05-14 21:31:29,943 INFO  ExportHelperExtension.cs: 1145 - Found 0 features of type [RefAxis] in nucunderlyer-1
2026-05-14 21:31:29,946 INFO  ExportHelperExtension.cs: 1125 - Retrieving features of type [RefAxis] from RPLIDAR C1-1
2026-05-14 21:31:29,946 INFO  ExportHelperExtension.cs: 1136 - Found 124 in RPLIDAR C1-1
2026-05-14 21:31:29,946 INFO  ExportHelperExtension.cs: 1145 - Found 3 features of type [RefAxis] in RPLIDAR C1-1
2026-05-14 21:31:29,947 INFO  ExportHelperExtension.cs: 1125 - Retrieving features of type [RefAxis] from rplidarunderscore-1
2026-05-14 21:31:29,947 INFO  ExportHelperExtension.cs: 1136 - Found 45 in rplidarunderscore-1
2026-05-14 21:31:29,947 INFO  ExportHelperExtension.cs: 1145 - Found 0 features of type [RefAxis] in rplidarunderscore-1
2026-05-14 21:31:29,947 INFO  ExportHelperExtension.cs: 1125 - Retrieving features of type [RefAxis] from Wheel_front-1
2026-05-14 21:31:29,948 INFO  ExportHelperExtension.cs: 1136 - Found 29 in Wheel_front-1
2026-05-14 21:31:29,948 INFO  ExportHelperExtension.cs: 1145 - Found 1 features of type [RefAxis] in Wheel_front-1
2026-05-14 21:31:29,948 INFO  ExportHelperExtension.cs: 1125 - Retrieving features of type [RefAxis] from wheel-8
2026-05-14 21:31:29,948 INFO  ExportHelperExtension.cs: 1136 - Found 35 in wheel-8
2026-05-14 21:31:29,949 INFO  ExportHelperExtension.cs: 1145 - Found 2 features of type [RefAxis] in wheel-8
2026-05-14 21:31:29,949 INFO  ExportHelperExtension.cs: 1125 - Retrieving features of type [RefAxis] from bumper-2
2026-05-14 21:31:29,949 INFO  ExportHelperExtension.cs: 1136 - Found 62 in bumper-2
2026-05-14 21:31:29,950 INFO  ExportHelperExtension.cs: 1145 - Found 0 features of type [RefAxis] in bumper-2
2026-05-14 21:31:29,950 INFO  ExportHelperExtension.cs: 1125 - Retrieving features of type [RefAxis] from Wheel_front-3
2026-05-14 21:31:29,950 INFO  ExportHelperExtension.cs: 1136 - Found 29 in Wheel_front-3
2026-05-14 21:31:29,950 INFO  ExportHelperExtension.cs: 1145 - Found 1 features of type [RefAxis] in Wheel_front-3
2026-05-14 21:31:29,950 INFO  ExportHelperExtension.cs: 1125 - Retrieving features of type [RefAxis] from bumper-3
2026-05-14 21:31:29,951 INFO  ExportHelperExtension.cs: 1136 - Found 62 in bumper-3
2026-05-14 21:31:29,951 INFO  ExportHelperExtension.cs: 1145 - Found 0 features of type [RefAxis] in bumper-3
2026-05-14 21:31:29,951 INFO  ExportHelperExtension.cs: 1125 - Retrieving features of type [RefAxis] from Part2-1
2026-05-14 21:31:29,951 INFO  ExportHelperExtension.cs: 1136 - Found 60 in Part2-1
2026-05-14 21:31:29,952 INFO  ExportHelperExtension.cs: 1145 - Found 0 features of type [RefAxis] in Part2-1
2026-05-14 21:31:29,952 INFO  ExportHelperExtension.cs: 1125 - Retrieving features of type [RefAxis] from Part3-1
2026-05-14 21:31:29,952 INFO  ExportHelperExtension.cs: 1136 - Found 56 in Part3-1
2026-05-14 21:31:29,953 INFO  ExportHelperExtension.cs: 1145 - Found 0 features of type [RefAxis] in Part3-1
2026-05-14 21:31:29,953 INFO  ExportHelperExtension.cs: 1125 - Retrieving features of type [RefAxis] from MainBase-1
2026-05-14 21:31:29,953 INFO  ExportHelperExtension.cs: 1136 - Found 49 in MainBase-1
2026-05-14 21:31:29,953 INFO  ExportHelperExtension.cs: 1145 - Found 0 features of type [RefAxis] in MainBase-1
2026-05-14 21:31:29,955 INFO  ExportHelperExtension.cs: 1125 - Retrieving features of type [RefAxis] from Part4-edit-1
2026-05-14 21:31:29,955 INFO  ExportHelperExtension.cs: 1136 - Found 67 in Part4-edit-1
2026-05-14 21:31:29,955 INFO  ExportHelperExtension.cs: 1145 - Found 0 features of type [RefAxis] in Part4-edit-1
2026-05-14 21:31:29,955 INFO  ExportHelperExtension.cs: 1125 - Retrieving features of type [RefAxis] from SupportBase-1
2026-05-14 21:31:29,955 INFO  ExportHelperExtension.cs: 1136 - Found 52 in SupportBase-1
2026-05-14 21:31:29,955 INFO  ExportHelperExtension.cs: 1145 - Found 0 features of type [RefAxis] in SupportBase-1
2026-05-14 21:31:29,955 INFO  ExportHelperExtension.cs: 1125 - Retrieving features of type [RefAxis] from battery-3
2026-05-14 21:31:29,955 INFO  ExportHelperExtension.cs: 1136 - Found 25 in battery-3
2026-05-14 21:31:29,957 INFO  ExportHelperExtension.cs: 1145 - Found 0 features of type [RefAxis] in battery-3
2026-05-14 21:31:29,957 INFO  ExportHelperExtension.cs: 1125 - Retrieving features of type [RefAxis] from batteryswapper-1
2026-05-14 21:31:29,957 INFO  ExportHelperExtension.cs: 1136 - Found 31 in batteryswapper-1
2026-05-14 21:31:29,958 INFO  ExportHelperExtension.cs: 1145 - Found 0 features of type [RefAxis] in batteryswapper-1
2026-05-14 21:31:29,958 INFO  ExportHelperExtension.cs: 1125 - Retrieving features of type [RefAxis] from Batteryholder-2
2026-05-14 21:31:29,958 INFO  ExportHelperExtension.cs: 1136 - Found 65 in Batteryholder-2
2026-05-14 21:31:29,958 INFO  ExportHelperExtension.cs: 1145 - Found 0 features of type [RefAxis] in Batteryholder-2
2026-05-14 21:31:29,958 INFO  ExportHelperExtension.cs: 1125 - Retrieving features of type [RefAxis] from STM32 Nucleo Case v2-1
2026-05-14 21:31:29,958 INFO  ExportHelperExtension.cs: 1136 - Found 83 in STM32 Nucleo Case v2-1
2026-05-14 21:31:29,959 INFO  ExportHelperExtension.cs: 1145 - Found 0 features of type [RefAxis] in STM32 Nucleo Case v2-1
2026-05-14 21:31:29,959 INFO  ExportHelperExtension.cs: 1125 - Retrieving features of type [RefAxis] from batteryswapper-2
2026-05-14 21:31:29,959 INFO  ExportHelperExtension.cs: 1136 - Found 31 in batteryswapper-2
2026-05-14 21:31:29,960 INFO  ExportHelperExtension.cs: 1145 - Found 0 features of type [RefAxis] in batteryswapper-2
2026-05-14 21:31:29,960 INFO  ExportHelperExtension.cs: 1125 - Retrieving features of type [RefAxis] from battery-4
2026-05-14 21:31:29,960 INFO  ExportHelperExtension.cs: 1136 - Found 25 in battery-4
2026-05-14 21:31:29,960 INFO  ExportHelperExtension.cs: 1145 - Found 0 features of type [RefAxis] in battery-4
2026-05-14 21:31:30,468 INFO  SwAddin.cs: 339 - Loading config tree
2026-05-14 21:31:30,470 INFO  ExportPropertyManagerExtension.cs: 520 - Starting new configuration
2026-05-14 21:31:30,470 INFO  SwAddin.cs: 344 - Showing property manager
2026-05-14 21:31:48,122 INFO  ExportPropertyManager.cs: 416 - Configuration canceled
2026-05-14 21:31:48,198 INFO  ExportPropertyManager.cs: 1142 - AfterClose called. This method no longer throws an Exception. It just silently does nothing. Ok, except for this logging message
2026-05-14 21:36:56,751 INFO  SwAddin.cs: 294 - Assembly export called for file simplify
2026-05-14 21:36:56,751 INFO  SwAddin.cs: 299 - Save is required
2026-05-14 21:36:56,751 INFO  SwAddin.cs: 313 - Saving assembly
2026-05-14 21:36:58,105 INFO  SwAddin.cs: 316 - Opening property manager
2026-05-14 21:36:58,105 INFO  ExportHelperExtension.cs: 1125 - Retrieving features of type [CoordSys] from simplify
2026-05-14 21:36:58,105 INFO  ExportHelperExtension.cs: 1136 - Found 245 in simplify
2026-05-14 21:36:58,105 INFO  ExportHelperExtension.cs: 1145 - Found 9 features of type [CoordSys] in simplify
2026-05-14 21:36:58,105 INFO  ExportHelperExtension.cs: 1148 - Proceeding through assembly components
2026-05-14 21:36:58,105 INFO  ExportHelperExtension.cs: 1160 - 34 components to check
2026-05-14 21:36:58,105 INFO  ExportHelperExtension.cs: 1125 - Retrieving features of type [CoordSys] from imu_stickmock-1
2026-05-14 21:36:58,105 INFO  ExportHelperExtension.cs: 1136 - Found 30 in imu_stickmock-1
2026-05-14 21:36:58,105 INFO  ExportHelperExtension.cs: 1145 - Found 0 features of type [CoordSys] in imu_stickmock-1
2026-05-14 21:36:58,105 INFO  ExportHelperExtension.cs: 1125 - Retrieving features of type [CoordSys] from LEDspuck-1
2026-05-14 21:36:58,105 INFO  ExportHelperExtension.cs: 1136 - Found 52 in LEDspuck-1
2026-05-14 21:36:58,105 INFO  ExportHelperExtension.cs: 1145 - Found 0 features of type [CoordSys] in LEDspuck-1
2026-05-14 21:36:58,105 INFO  ExportHelperExtension.cs: 1125 - Retrieving features of type [CoordSys] from Batteryholder-3
2026-05-14 21:36:58,105 INFO  ExportHelperExtension.cs: 1136 - Found 65 in Batteryholder-3
2026-05-14 21:36:58,105 INFO  ExportHelperExtension.cs: 1145 - Found 0 features of type [CoordSys] in Batteryholder-3
2026-05-14 21:36:58,105 INFO  ExportHelperExtension.cs: 1125 - Retrieving features of type [CoordSys] from nucunderupper-1
2026-05-14 21:36:58,105 INFO  ExportHelperExtension.cs: 1136 - Found 37 in nucunderupper-1
2026-05-14 21:36:58,105 INFO  ExportHelperExtension.cs: 1145 - Found 0 features of type [CoordSys] in nucunderupper-1
2026-05-14 21:36:58,105 INFO  ExportHelperExtension.cs: 1125 - Retrieving features of type [CoordSys] from SupportbaseExtruder-1
2026-05-14 21:36:58,105 INFO  ExportHelperExtension.cs: 1136 - Found 45 in SupportbaseExtruder-1
2026-05-14 21:36:58,105 INFO  ExportHelperExtension.cs: 1145 - Found 0 features of type [CoordSys] in SupportbaseExtruder-1
2026-05-14 21:36:58,105 INFO  ExportHelperExtension.cs: 1125 - Retrieving features of type [CoordSys] from SupportbaseExtruder2-1
2026-05-14 21:36:58,105 INFO  ExportHelperExtension.cs: 1136 - Found 47 in SupportbaseExtruder2-1
2026-05-14 21:36:58,105 INFO  ExportHelperExtension.cs: 1145 - Found 0 features of type [CoordSys] in SupportbaseExtruder2-1
2026-05-14 21:36:58,105 INFO  ExportHelperExtension.cs: 1125 - Retrieving features of type [CoordSys] from nucunderlyer-1
2026-05-14 21:36:58,105 INFO  ExportHelperExtension.cs: 1136 - Found 57 in nucunderlyer-1
2026-05-14 21:36:58,105 INFO  ExportHelperExtension.cs: 1145 - Found 0 features of type [CoordSys] in nucunderlyer-1
2026-05-14 21:36:58,105 INFO  ExportHelperExtension.cs: 1125 - Retrieving features of type [CoordSys] from RPLIDAR C1-1
2026-05-14 21:36:58,120 INFO  ExportHelperExtension.cs: 1136 - Found 124 in RPLIDAR C1-1
2026-05-14 21:36:58,120 INFO  ExportHelperExtension.cs: 1145 - Found 0 features of type [CoordSys] in RPLIDAR C1-1
2026-05-14 21:36:58,120 INFO  ExportHelperExtension.cs: 1125 - Retrieving features of type [CoordSys] from rplidarunderscore-1
2026-05-14 21:36:58,120 INFO  ExportHelperExtension.cs: 1136 - Found 45 in rplidarunderscore-1
2026-05-14 21:36:58,120 INFO  ExportHelperExtension.cs: 1145 - Found 0 features of type [CoordSys] in rplidarunderscore-1
2026-05-14 21:36:58,120 INFO  ExportHelperExtension.cs: 1125 - Retrieving features of type [CoordSys] from Wheel_front-1
2026-05-14 21:36:58,122 INFO  ExportHelperExtension.cs: 1136 - Found 29 in Wheel_front-1
2026-05-14 21:36:58,123 INFO  ExportHelperExtension.cs: 1145 - Found 0 features of type [CoordSys] in Wheel_front-1
2026-05-14 21:36:58,123 INFO  ExportHelperExtension.cs: 1125 - Retrieving features of type [CoordSys] from wheel-8
2026-05-14 21:36:58,135 INFO  ExportHelperExtension.cs: 1136 - Found 35 in wheel-8
2026-05-14 21:36:58,135 INFO  ExportHelperExtension.cs: 1145 - Found 0 features of type [CoordSys] in wheel-8
2026-05-14 21:36:58,135 INFO  ExportHelperExtension.cs: 1125 - Retrieving features of type [CoordSys] from bumper-2
2026-05-14 21:36:58,135 INFO  ExportHelperExtension.cs: 1136 - Found 62 in bumper-2
2026-05-14 21:36:58,135 INFO  ExportHelperExtension.cs: 1145 - Found 0 features of type [CoordSys] in bumper-2
2026-05-14 21:36:58,135 INFO  ExportHelperExtension.cs: 1125 - Retrieving features of type [CoordSys] from Wheel_front-3
2026-05-14 21:36:58,135 INFO  ExportHelperExtension.cs: 1136 - Found 29 in Wheel_front-3
2026-05-14 21:36:58,135 INFO  ExportHelperExtension.cs: 1145 - Found 0 features of type [CoordSys] in Wheel_front-3
2026-05-14 21:36:58,139 INFO  ExportHelperExtension.cs: 1125 - Retrieving features of type [CoordSys] from bumper-3
2026-05-14 21:36:58,139 INFO  ExportHelperExtension.cs: 1136 - Found 62 in bumper-3
2026-05-14 21:36:58,139 INFO  ExportHelperExtension.cs: 1145 - Found 0 features of type [CoordSys] in bumper-3
2026-05-14 21:36:58,139 INFO  ExportHelperExtension.cs: 1125 - Retrieving features of type [CoordSys] from Part2-1
2026-05-14 21:36:58,139 INFO  ExportHelperExtension.cs: 1136 - Found 60 in Part2-1
2026-05-14 21:36:58,139 INFO  ExportHelperExtension.cs: 1145 - Found 0 features of type [CoordSys] in Part2-1
2026-05-14 21:36:58,141 INFO  ExportHelperExtension.cs: 1125 - Retrieving features of type [CoordSys] from Part3-1
2026-05-14 21:36:58,141 INFO  ExportHelperExtension.cs: 1136 - Found 56 in Part3-1
2026-05-14 21:36:58,141 INFO  ExportHelperExtension.cs: 1145 - Found 0 features of type [CoordSys] in Part3-1
2026-05-14 21:36:58,141 INFO  ExportHelperExtension.cs: 1125 - Retrieving features of type [CoordSys] from MainBase-1
2026-05-14 21:36:58,141 INFO  ExportHelperExtension.cs: 1136 - Found 49 in MainBase-1
2026-05-14 21:36:58,141 INFO  ExportHelperExtension.cs: 1145 - Found 0 features of type [CoordSys] in MainBase-1
2026-05-14 21:36:58,141 INFO  ExportHelperExtension.cs: 1125 - Retrieving features of type [CoordSys] from Part4-edit-1
2026-05-14 21:36:58,143 INFO  ExportHelperExtension.cs: 1136 - Found 67 in Part4-edit-1
2026-05-14 21:36:58,143 INFO  ExportHelperExtension.cs: 1145 - Found 0 features of type [CoordSys] in Part4-edit-1
2026-05-14 21:36:58,143 INFO  ExportHelperExtension.cs: 1125 - Retrieving features of type [CoordSys] from SupportBase-1
2026-05-14 21:36:58,143 INFO  ExportHelperExtension.cs: 1136 - Found 52 in SupportBase-1
2026-05-14 21:36:58,143 INFO  ExportHelperExtension.cs: 1145 - Found 0 features of type [CoordSys] in SupportBase-1
2026-05-14 21:36:58,145 INFO  ExportHelperExtension.cs: 1125 - Retrieving features of type [CoordSys] from battery-3
2026-05-14 21:36:58,145 INFO  ExportHelperExtension.cs: 1136 - Found 25 in battery-3
2026-05-14 21:36:58,145 INFO  ExportHelperExtension.cs: 1145 - Found 0 features of type [CoordSys] in battery-3
2026-05-14 21:36:58,145 INFO  ExportHelperExtension.cs: 1125 - Retrieving features of type [CoordSys] from batteryswapper-1
2026-05-14 21:36:58,145 INFO  ExportHelperExtension.cs: 1136 - Found 31 in batteryswapper-1
2026-05-14 21:36:58,145 INFO  ExportHelperExtension.cs: 1145 - Found 0 features of type [CoordSys] in batteryswapper-1
2026-05-14 21:36:58,145 INFO  ExportHelperExtension.cs: 1125 - Retrieving features of type [CoordSys] from Batteryholder-2
2026-05-14 21:36:58,147 INFO  ExportHelperExtension.cs: 1136 - Found 65 in Batteryholder-2
2026-05-14 21:36:58,147 INFO  ExportHelperExtension.cs: 1145 - Found 0 features of type [CoordSys] in Batteryholder-2
2026-05-14 21:36:58,148 INFO  ExportHelperExtension.cs: 1125 - Retrieving features of type [CoordSys] from STM32 Nucleo Case v2-1
2026-05-14 21:36:58,148 INFO  ExportHelperExtension.cs: 1136 - Found 83 in STM32 Nucleo Case v2-1
2026-05-14 21:36:58,148 INFO  ExportHelperExtension.cs: 1145 - Found 0 features of type [CoordSys] in STM32 Nucleo Case v2-1
2026-05-14 21:36:58,148 INFO  ExportHelperExtension.cs: 1125 - Retrieving features of type [CoordSys] from batteryswapper-2
2026-05-14 21:36:58,148 INFO  ExportHelperExtension.cs: 1136 - Found 31 in batteryswapper-2
2026-05-14 21:36:58,148 INFO  ExportHelperExtension.cs: 1145 - Found 0 features of type [CoordSys] in batteryswapper-2
2026-05-14 21:36:58,148 INFO  ExportHelperExtension.cs: 1125 - Retrieving features of type [CoordSys] from battery-4
2026-05-14 21:36:58,148 INFO  ExportHelperExtension.cs: 1136 - Found 25 in battery-4
2026-05-14 21:36:58,148 INFO  ExportHelperExtension.cs: 1145 - Found 0 features of type [CoordSys] in battery-4
2026-05-14 21:36:58,148 INFO  ExportHelperExtension.cs: 1125 - Retrieving features of type [RefAxis] from simplify
2026-05-14 21:36:58,148 INFO  ExportHelperExtension.cs: 1136 - Found 245 in simplify
2026-05-14 21:36:58,151 INFO  ExportHelperExtension.cs: 1145 - Found 5 features of type [RefAxis] in simplify
2026-05-14 21:36:58,151 INFO  ExportHelperExtension.cs: 1148 - Proceeding through assembly components
2026-05-14 21:36:58,151 INFO  ExportHelperExtension.cs: 1160 - 34 components to check
2026-05-14 21:36:58,151 INFO  ExportHelperExtension.cs: 1125 - Retrieving features of type [RefAxis] from imu_stickmock-1
2026-05-14 21:36:58,151 INFO  ExportHelperExtension.cs: 1136 - Found 30 in imu_stickmock-1
2026-05-14 21:36:58,151 INFO  ExportHelperExtension.cs: 1145 - Found 0 features of type [RefAxis] in imu_stickmock-1
2026-05-14 21:36:58,151 INFO  ExportHelperExtension.cs: 1125 - Retrieving features of type [RefAxis] from LEDspuck-1
2026-05-14 21:36:58,151 INFO  ExportHelperExtension.cs: 1136 - Found 52 in LEDspuck-1
2026-05-14 21:36:58,151 INFO  ExportHelperExtension.cs: 1145 - Found 0 features of type [RefAxis] in LEDspuck-1
2026-05-14 21:36:58,151 INFO  ExportHelperExtension.cs: 1125 - Retrieving features of type [RefAxis] from Batteryholder-3
2026-05-14 21:36:58,151 INFO  ExportHelperExtension.cs: 1136 - Found 65 in Batteryholder-3
2026-05-14 21:36:58,151 INFO  ExportHelperExtension.cs: 1145 - Found 0 features of type [RefAxis] in Batteryholder-3
2026-05-14 21:36:58,151 INFO  ExportHelperExtension.cs: 1125 - Retrieving features of type [RefAxis] from nucunderupper-1
2026-05-14 21:36:58,151 INFO  ExportHelperExtension.cs: 1136 - Found 37 in nucunderupper-1
2026-05-14 21:36:58,151 INFO  ExportHelperExtension.cs: 1145 - Found 0 features of type [RefAxis] in nucunderupper-1
2026-05-14 21:36:58,151 INFO  ExportHelperExtension.cs: 1125 - Retrieving features of type [RefAxis] from SupportbaseExtruder-1
2026-05-14 21:36:58,151 INFO  ExportHelperExtension.cs: 1136 - Found 45 in SupportbaseExtruder-1
2026-05-14 21:36:58,151 INFO  ExportHelperExtension.cs: 1145 - Found 0 features of type [RefAxis] in SupportbaseExtruder-1
2026-05-14 21:36:58,151 INFO  ExportHelperExtension.cs: 1125 - Retrieving features of type [RefAxis] from SupportbaseExtruder2-1
2026-05-14 21:36:58,158 INFO  ExportHelperExtension.cs: 1136 - Found 47 in SupportbaseExtruder2-1
2026-05-14 21:36:58,158 INFO  ExportHelperExtension.cs: 1145 - Found 0 features of type [RefAxis] in SupportbaseExtruder2-1
2026-05-14 21:36:58,158 INFO  ExportHelperExtension.cs: 1125 - Retrieving features of type [RefAxis] from nucunderlyer-1
2026-05-14 21:36:58,158 INFO  ExportHelperExtension.cs: 1136 - Found 57 in nucunderlyer-1
2026-05-14 21:36:58,160 INFO  ExportHelperExtension.cs: 1145 - Found 0 features of type [RefAxis] in nucunderlyer-1
2026-05-14 21:36:58,160 INFO  ExportHelperExtension.cs: 1125 - Retrieving features of type [RefAxis] from RPLIDAR C1-1
2026-05-14 21:36:58,160 INFO  ExportHelperExtension.cs: 1136 - Found 124 in RPLIDAR C1-1
2026-05-14 21:36:58,160 INFO  ExportHelperExtension.cs: 1145 - Found 3 features of type [RefAxis] in RPLIDAR C1-1
2026-05-14 21:36:58,160 INFO  ExportHelperExtension.cs: 1125 - Retrieving features of type [RefAxis] from rplidarunderscore-1
2026-05-14 21:36:58,160 INFO  ExportHelperExtension.cs: 1136 - Found 45 in rplidarunderscore-1
2026-05-14 21:36:58,160 INFO  ExportHelperExtension.cs: 1145 - Found 0 features of type [RefAxis] in rplidarunderscore-1
2026-05-14 21:36:58,160 INFO  ExportHelperExtension.cs: 1125 - Retrieving features of type [RefAxis] from Wheel_front-1
2026-05-14 21:36:58,160 INFO  ExportHelperExtension.cs: 1136 - Found 29 in Wheel_front-1
2026-05-14 21:36:58,160 INFO  ExportHelperExtension.cs: 1145 - Found 1 features of type [RefAxis] in Wheel_front-1
2026-05-14 21:36:58,160 INFO  ExportHelperExtension.cs: 1125 - Retrieving features of type [RefAxis] from wheel-8
2026-05-14 21:36:58,160 INFO  ExportHelperExtension.cs: 1136 - Found 35 in wheel-8
2026-05-14 21:36:58,160 INFO  ExportHelperExtension.cs: 1145 - Found 2 features of type [RefAxis] in wheel-8
2026-05-14 21:36:58,160 INFO  ExportHelperExtension.cs: 1125 - Retrieving features of type [RefAxis] from bumper-2
2026-05-14 21:36:58,160 INFO  ExportHelperExtension.cs: 1136 - Found 62 in bumper-2
2026-05-14 21:36:58,160 INFO  ExportHelperExtension.cs: 1145 - Found 0 features of type [RefAxis] in bumper-2
2026-05-14 21:36:58,160 INFO  ExportHelperExtension.cs: 1125 - Retrieving features of type [RefAxis] from Wheel_front-3
2026-05-14 21:36:58,160 INFO  ExportHelperExtension.cs: 1136 - Found 29 in Wheel_front-3
2026-05-14 21:36:58,160 INFO  ExportHelperExtension.cs: 1145 - Found 1 features of type [RefAxis] in Wheel_front-3
2026-05-14 21:36:58,160 INFO  ExportHelperExtension.cs: 1125 - Retrieving features of type [RefAxis] from bumper-3
2026-05-14 21:36:58,160 INFO  ExportHelperExtension.cs: 1136 - Found 62 in bumper-3
2026-05-14 21:36:58,160 INFO  ExportHelperExtension.cs: 1145 - Found 0 features of type [RefAxis] in bumper-3
2026-05-14 21:36:58,160 INFO  ExportHelperExtension.cs: 1125 - Retrieving features of type [RefAxis] from Part2-1
2026-05-14 21:36:58,160 INFO  ExportHelperExtension.cs: 1136 - Found 60 in Part2-1
2026-05-14 21:36:58,167 INFO  ExportHelperExtension.cs: 1145 - Found 0 features of type [RefAxis] in Part2-1
2026-05-14 21:36:58,167 INFO  ExportHelperExtension.cs: 1125 - Retrieving features of type [RefAxis] from Part3-1
2026-05-14 21:36:58,167 INFO  ExportHelperExtension.cs: 1136 - Found 56 in Part3-1
2026-05-14 21:36:58,167 INFO  ExportHelperExtension.cs: 1145 - Found 0 features of type [RefAxis] in Part3-1
2026-05-14 21:36:58,167 INFO  ExportHelperExtension.cs: 1125 - Retrieving features of type [RefAxis] from MainBase-1
2026-05-14 21:36:58,167 INFO  ExportHelperExtension.cs: 1136 - Found 49 in MainBase-1
2026-05-14 21:36:58,167 INFO  ExportHelperExtension.cs: 1145 - Found 0 features of type [RefAxis] in MainBase-1
2026-05-14 21:36:58,167 INFO  ExportHelperExtension.cs: 1125 - Retrieving features of type [RefAxis] from Part4-edit-1
2026-05-14 21:36:58,167 INFO  ExportHelperExtension.cs: 1136 - Found 67 in Part4-edit-1
2026-05-14 21:36:58,167 INFO  ExportHelperExtension.cs: 1145 - Found 0 features of type [RefAxis] in Part4-edit-1
2026-05-14 21:36:58,167 INFO  ExportHelperExtension.cs: 1125 - Retrieving features of type [RefAxis] from SupportBase-1
2026-05-14 21:36:58,167 INFO  ExportHelperExtension.cs: 1136 - Found 52 in SupportBase-1
2026-05-14 21:36:58,167 INFO  ExportHelperExtension.cs: 1145 - Found 0 features of type [RefAxis] in SupportBase-1
2026-05-14 21:36:58,167 INFO  ExportHelperExtension.cs: 1125 - Retrieving features of type [RefAxis] from battery-3
2026-05-14 21:36:58,167 INFO  ExportHelperExtension.cs: 1136 - Found 25 in battery-3
2026-05-14 21:36:58,167 INFO  ExportHelperExtension.cs: 1145 - Found 0 features of type [RefAxis] in battery-3
2026-05-14 21:36:58,167 INFO  ExportHelperExtension.cs: 1125 - Retrieving features of type [RefAxis] from batteryswapper-1
2026-05-14 21:36:58,167 INFO  ExportHelperExtension.cs: 1136 - Found 31 in batteryswapper-1
2026-05-14 21:36:58,167 INFO  ExportHelperExtension.cs: 1145 - Found 0 features of type [RefAxis] in batteryswapper-1
2026-05-14 21:36:58,173 INFO  ExportHelperExtension.cs: 1125 - Retrieving features of type [RefAxis] from Batteryholder-2
2026-05-14 21:36:58,173 INFO  ExportHelperExtension.cs: 1136 - Found 65 in Batteryholder-2
2026-05-14 21:36:58,173 INFO  ExportHelperExtension.cs: 1145 - Found 0 features of type [RefAxis] in Batteryholder-2
2026-05-14 21:36:58,173 INFO  ExportHelperExtension.cs: 1125 - Retrieving features of type [RefAxis] from STM32 Nucleo Case v2-1
2026-05-14 21:36:58,173 INFO  ExportHelperExtension.cs: 1136 - Found 83 in STM32 Nucleo Case v2-1
2026-05-14 21:36:58,173 INFO  ExportHelperExtension.cs: 1145 - Found 0 features of type [RefAxis] in STM32 Nucleo Case v2-1
2026-05-14 21:36:58,175 INFO  ExportHelperExtension.cs: 1125 - Retrieving features of type [RefAxis] from batteryswapper-2
2026-05-14 21:36:58,175 INFO  ExportHelperExtension.cs: 1136 - Found 31 in batteryswapper-2
2026-05-14 21:36:58,175 INFO  ExportHelperExtension.cs: 1145 - Found 0 features of type [RefAxis] in batteryswapper-2
2026-05-14 21:36:58,175 INFO  ExportHelperExtension.cs: 1125 - Retrieving features of type [RefAxis] from battery-4
2026-05-14 21:36:58,175 INFO  ExportHelperExtension.cs: 1136 - Found 25 in battery-4
2026-05-14 21:36:58,175 INFO  ExportHelperExtension.cs: 1145 - Found 0 features of type [RefAxis] in battery-4
2026-05-14 21:36:58,737 INFO  SwAddin.cs: 339 - Loading config tree
2026-05-14 21:36:58,737 INFO  ExportPropertyManagerExtension.cs: 520 - Starting new configuration
2026-05-14 21:36:58,737 INFO  SwAddin.cs: 344 - Showing property manager
2026-05-14 21:37:42,613 INFO  ExportPropertyManager.cs: 1136 - OnNumberBoxTrackingCompleted called. This method no longer throws an Exception. It just silently does nothing. Ok, except for this logging message
2026-05-14 21:37:42,670 INFO  ExportPropertyManager.cs: 1136 - OnNumberBoxTrackingCompleted called. This method no longer throws an Exception. It just silently does nothing. Ok, except for this logging message
2026-05-14 21:39:01,639 INFO  ExportPropertyManager.cs: 1018 - OnComboboxSelectionChanged called. This method no longer throws an Exception. It just silently does nothing. Ok, except for this logging message
2026-05-14 21:39:45,821 INFO  ExportPropertyManager.cs: 1018 - OnComboboxSelectionChanged called. This method no longer throws an Exception. It just silently does nothing. Ok, except for this logging message
2026-05-14 21:42:44,145 INFO  ExportPropertyManager.cs: 1036 - OnListboxSelectionChanged called. This method no longer throws an Exception. It just silently does nothing. Ok, except for this logging message
2026-05-14 21:42:56,774 INFO  ExportPropertyManager.cs: 1036 - OnListboxSelectionChanged called. This method no longer throws an Exception. It just silently does nothing. Ok, except for this logging message
2026-05-14 21:43:50,565 INFO  ExportPropertyManager.cs: 1018 - OnComboboxSelectionChanged called. This method no longer throws an Exception. It just silently does nothing. Ok, except for this logging message
2026-05-14 21:43:56,628 INFO  ExportPropertyManager.cs: 1018 - OnComboboxSelectionChanged called. This method no longer throws an Exception. It just silently does nothing. Ok, except for this logging message
2026-05-14 21:44:16,661 INFO  ExportPropertyManager.cs: 1018 - OnComboboxSelectionChanged called. This method no longer throws an Exception. It just silently does nothing. Ok, except for this logging message
2026-05-14 21:44:48,677 INFO  ExportPropertyManager.cs: 416 - Configuration canceled
2026-05-14 21:44:48,760 INFO  ExportPropertyManager.cs: 1142 - AfterClose called. This method no longer throws an Exception. It just silently does nothing. Ok, except for this logging message
2026-05-14 21:46:57,015 INFO  SwAddin.cs: 294 - Assembly export called for file simplify
2026-05-14 21:46:57,015 INFO  SwAddin.cs: 299 - Save is required
2026-05-14 21:46:57,015 INFO  SwAddin.cs: 313 - Saving assembly
2026-05-14 21:46:58,566 INFO  SwAddin.cs: 316 - Opening property manager
2026-05-14 21:46:58,566 INFO  ExportHelperExtension.cs: 1125 - Retrieving features of type [CoordSys] from simplify
2026-05-14 21:46:58,566 INFO  ExportHelperExtension.cs: 1136 - Found 247 in simplify
2026-05-14 21:46:58,566 INFO  ExportHelperExtension.cs: 1145 - Found 9 features of type [CoordSys] in simplify
2026-05-14 21:46:58,566 INFO  ExportHelperExtension.cs: 1148 - Proceeding through assembly components
2026-05-14 21:46:58,566 INFO  ExportHelperExtension.cs: 1160 - 34 components to check
2026-05-14 21:46:58,566 INFO  ExportHelperExtension.cs: 1125 - Retrieving features of type [CoordSys] from imu_stickmock-1
2026-05-14 21:46:58,566 INFO  ExportHelperExtension.cs: 1136 - Found 30 in imu_stickmock-1
2026-05-14 21:46:58,566 INFO  ExportHelperExtension.cs: 1145 - Found 0 features of type [CoordSys] in imu_stickmock-1
2026-05-14 21:46:58,566 INFO  ExportHelperExtension.cs: 1125 - Retrieving features of type [CoordSys] from LEDspuck-1
2026-05-14 21:46:58,566 INFO  ExportHelperExtension.cs: 1136 - Found 52 in LEDspuck-1
2026-05-14 21:46:58,576 INFO  ExportHelperExtension.cs: 1145 - Found 0 features of type [CoordSys] in LEDspuck-1
2026-05-14 21:46:58,576 INFO  ExportHelperExtension.cs: 1125 - Retrieving features of type [CoordSys] from Batteryholder-3
2026-05-14 21:46:58,576 INFO  ExportHelperExtension.cs: 1136 - Found 65 in Batteryholder-3
2026-05-14 21:46:58,576 INFO  ExportHelperExtension.cs: 1145 - Found 0 features of type [CoordSys] in Batteryholder-3
2026-05-14 21:46:58,576 INFO  ExportHelperExtension.cs: 1125 - Retrieving features of type [CoordSys] from nucunderupper-1
2026-05-14 21:46:58,576 INFO  ExportHelperExtension.cs: 1136 - Found 37 in nucunderupper-1
2026-05-14 21:46:58,577 INFO  ExportHelperExtension.cs: 1145 - Found 0 features of type [CoordSys] in nucunderupper-1
2026-05-14 21:46:58,577 INFO  ExportHelperExtension.cs: 1125 - Retrieving features of type [CoordSys] from SupportbaseExtruder-1
2026-05-14 21:46:58,577 INFO  ExportHelperExtension.cs: 1136 - Found 45 in SupportbaseExtruder-1
2026-05-14 21:46:58,577 INFO  ExportHelperExtension.cs: 1145 - Found 0 features of type [CoordSys] in SupportbaseExtruder-1
2026-05-14 21:46:58,577 INFO  ExportHelperExtension.cs: 1125 - Retrieving features of type [CoordSys] from SupportbaseExtruder2-1
2026-05-14 21:46:58,577 INFO  ExportHelperExtension.cs: 1136 - Found 47 in SupportbaseExtruder2-1
2026-05-14 21:46:58,577 INFO  ExportHelperExtension.cs: 1145 - Found 0 features of type [CoordSys] in SupportbaseExtruder2-1
2026-05-14 21:46:58,577 INFO  ExportHelperExtension.cs: 1125 - Retrieving features of type [CoordSys] from nucunderlyer-1
2026-05-14 21:46:58,577 INFO  ExportHelperExtension.cs: 1136 - Found 57 in nucunderlyer-1
2026-05-14 21:46:58,577 INFO  ExportHelperExtension.cs: 1145 - Found 0 features of type [CoordSys] in nucunderlyer-1
2026-05-14 21:46:58,577 INFO  ExportHelperExtension.cs: 1125 - Retrieving features of type [CoordSys] from RPLIDAR C1-1
2026-05-14 21:46:58,577 INFO  ExportHelperExtension.cs: 1136 - Found 124 in RPLIDAR C1-1
2026-05-14 21:46:58,582 INFO  ExportHelperExtension.cs: 1145 - Found 0 features of type [CoordSys] in RPLIDAR C1-1
2026-05-14 21:46:58,582 INFO  ExportHelperExtension.cs: 1125 - Retrieving features of type [CoordSys] from rplidarunderscore-1
2026-05-14 21:46:58,582 INFO  ExportHelperExtension.cs: 1136 - Found 45 in rplidarunderscore-1
2026-05-14 21:46:58,582 INFO  ExportHelperExtension.cs: 1145 - Found 0 features of type [CoordSys] in rplidarunderscore-1
2026-05-14 21:46:58,584 INFO  ExportHelperExtension.cs: 1125 - Retrieving features of type [CoordSys] from Wheel_front-1
2026-05-14 21:46:58,584 INFO  ExportHelperExtension.cs: 1136 - Found 28 in Wheel_front-1
2026-05-14 21:46:58,584 INFO  ExportHelperExtension.cs: 1145 - Found 0 features of type [CoordSys] in Wheel_front-1
2026-05-14 21:46:58,584 INFO  ExportHelperExtension.cs: 1125 - Retrieving features of type [CoordSys] from wheel-8
2026-05-14 21:46:58,584 INFO  ExportHelperExtension.cs: 1136 - Found 35 in wheel-8
2026-05-14 21:46:58,584 INFO  ExportHelperExtension.cs: 1145 - Found 0 features of type [CoordSys] in wheel-8
2026-05-14 21:46:58,586 INFO  ExportHelperExtension.cs: 1125 - Retrieving features of type [CoordSys] from bumper-2
2026-05-14 21:46:58,586 INFO  ExportHelperExtension.cs: 1136 - Found 62 in bumper-2
2026-05-14 21:46:58,586 INFO  ExportHelperExtension.cs: 1145 - Found 0 features of type [CoordSys] in bumper-2
2026-05-14 21:46:58,586 INFO  ExportHelperExtension.cs: 1125 - Retrieving features of type [CoordSys] from Wheel_front-3
2026-05-14 21:46:58,587 INFO  ExportHelperExtension.cs: 1136 - Found 28 in Wheel_front-3
2026-05-14 21:46:58,587 INFO  ExportHelperExtension.cs: 1145 - Found 0 features of type [CoordSys] in Wheel_front-3
2026-05-14 21:46:58,587 INFO  ExportHelperExtension.cs: 1125 - Retrieving features of type [CoordSys] from bumper-3
2026-05-14 21:46:58,588 INFO  ExportHelperExtension.cs: 1136 - Found 62 in bumper-3
2026-05-14 21:46:58,588 INFO  ExportHelperExtension.cs: 1145 - Found 0 features of type [CoordSys] in bumper-3
2026-05-14 21:46:58,588 INFO  ExportHelperExtension.cs: 1125 - Retrieving features of type [CoordSys] from Part2-1
2026-05-14 21:46:58,588 INFO  ExportHelperExtension.cs: 1136 - Found 60 in Part2-1
2026-05-14 21:46:58,588 INFO  ExportHelperExtension.cs: 1145 - Found 0 features of type [CoordSys] in Part2-1
2026-05-14 21:46:58,588 INFO  ExportHelperExtension.cs: 1125 - Retrieving features of type [CoordSys] from Part3-1
2026-05-14 21:46:58,588 INFO  ExportHelperExtension.cs: 1136 - Found 56 in Part3-1
2026-05-14 21:46:58,588 INFO  ExportHelperExtension.cs: 1145 - Found 0 features of type [CoordSys] in Part3-1
2026-05-14 21:46:58,588 INFO  ExportHelperExtension.cs: 1125 - Retrieving features of type [CoordSys] from MainBase-1
2026-05-14 21:46:58,588 INFO  ExportHelperExtension.cs: 1136 - Found 49 in MainBase-1
2026-05-14 21:46:58,588 INFO  ExportHelperExtension.cs: 1145 - Found 0 features of type [CoordSys] in MainBase-1
2026-05-14 21:46:58,588 INFO  ExportHelperExtension.cs: 1125 - Retrieving features of type [CoordSys] from Part4-edit-1
2026-05-14 21:46:58,588 INFO  ExportHelperExtension.cs: 1136 - Found 67 in Part4-edit-1
2026-05-14 21:46:58,588 INFO  ExportHelperExtension.cs: 1145 - Found 0 features of type [CoordSys] in Part4-edit-1
2026-05-14 21:46:58,588 INFO  ExportHelperExtension.cs: 1125 - Retrieving features of type [CoordSys] from SupportBase-1
2026-05-14 21:46:58,593 INFO  ExportHelperExtension.cs: 1136 - Found 52 in SupportBase-1
2026-05-14 21:46:58,593 INFO  ExportHelperExtension.cs: 1145 - Found 0 features of type [CoordSys] in SupportBase-1
2026-05-14 21:46:58,593 INFO  ExportHelperExtension.cs: 1125 - Retrieving features of type [CoordSys] from battery-3
2026-05-14 21:46:58,593 INFO  ExportHelperExtension.cs: 1136 - Found 25 in battery-3
2026-05-14 21:46:58,593 INFO  ExportHelperExtension.cs: 1145 - Found 0 features of type [CoordSys] in battery-3
2026-05-14 21:46:58,595 INFO  ExportHelperExtension.cs: 1125 - Retrieving features of type [CoordSys] from batteryswapper-1
2026-05-14 21:46:58,595 INFO  ExportHelperExtension.cs: 1136 - Found 31 in batteryswapper-1
2026-05-14 21:46:58,595 INFO  ExportHelperExtension.cs: 1145 - Found 0 features of type [CoordSys] in batteryswapper-1
2026-05-14 21:46:58,595 INFO  ExportHelperExtension.cs: 1125 - Retrieving features of type [CoordSys] from Batteryholder-2
2026-05-14 21:46:58,595 INFO  ExportHelperExtension.cs: 1136 - Found 65 in Batteryholder-2
2026-05-14 21:46:58,599 INFO  ExportHelperExtension.cs: 1145 - Found 0 features of type [CoordSys] in Batteryholder-2
2026-05-14 21:46:58,599 INFO  ExportHelperExtension.cs: 1125 - Retrieving features of type [CoordSys] from STM32 Nucleo Case v2-1
2026-05-14 21:46:58,689 INFO  ExportHelperExtension.cs: 1136 - Found 83 in STM32 Nucleo Case v2-1
2026-05-14 21:46:58,689 INFO  ExportHelperExtension.cs: 1145 - Found 0 features of type [CoordSys] in STM32 Nucleo Case v2-1
2026-05-14 21:46:58,705 INFO  ExportHelperExtension.cs: 1125 - Retrieving features of type [CoordSys] from batteryswapper-2
2026-05-14 21:46:58,705 INFO  ExportHelperExtension.cs: 1136 - Found 31 in batteryswapper-2
2026-05-14 21:46:58,705 INFO  ExportHelperExtension.cs: 1145 - Found 0 features of type [CoordSys] in batteryswapper-2
2026-05-14 21:46:58,705 INFO  ExportHelperExtension.cs: 1125 - Retrieving features of type [CoordSys] from battery-4
2026-05-14 21:46:58,705 INFO  ExportHelperExtension.cs: 1136 - Found 25 in battery-4
2026-05-14 21:46:58,705 INFO  ExportHelperExtension.cs: 1145 - Found 0 features of type [CoordSys] in battery-4
2026-05-14 21:46:58,705 INFO  ExportHelperExtension.cs: 1125 - Retrieving features of type [RefAxis] from simplify
2026-05-14 21:46:58,705 INFO  ExportHelperExtension.cs: 1136 - Found 247 in simplify
2026-05-14 21:46:58,705 INFO  ExportHelperExtension.cs: 1145 - Found 7 features of type [RefAxis] in simplify
2026-05-14 21:46:58,705 INFO  ExportHelperExtension.cs: 1148 - Proceeding through assembly components
2026-05-14 21:46:58,705 INFO  ExportHelperExtension.cs: 1160 - 34 components to check
2026-05-14 21:46:58,705 INFO  ExportHelperExtension.cs: 1125 - Retrieving features of type [RefAxis] from imu_stickmock-1
2026-05-14 21:46:58,705 INFO  ExportHelperExtension.cs: 1136 - Found 30 in imu_stickmock-1
2026-05-14 21:46:58,705 INFO  ExportHelperExtension.cs: 1145 - Found 0 features of type [RefAxis] in imu_stickmock-1
2026-05-14 21:46:58,705 INFO  ExportHelperExtension.cs: 1125 - Retrieving features of type [RefAxis] from LEDspuck-1
2026-05-14 21:46:58,705 INFO  ExportHelperExtension.cs: 1136 - Found 52 in LEDspuck-1
2026-05-14 21:46:58,705 INFO  ExportHelperExtension.cs: 1145 - Found 0 features of type [RefAxis] in LEDspuck-1
2026-05-14 21:46:58,705 INFO  ExportHelperExtension.cs: 1125 - Retrieving features of type [RefAxis] from Batteryholder-3
2026-05-14 21:46:58,705 INFO  ExportHelperExtension.cs: 1136 - Found 65 in Batteryholder-3
2026-05-14 21:46:58,705 INFO  ExportHelperExtension.cs: 1145 - Found 0 features of type [RefAxis] in Batteryholder-3
2026-05-14 21:46:58,705 INFO  ExportHelperExtension.cs: 1125 - Retrieving features of type [RefAxis] from nucunderupper-1
2026-05-14 21:46:58,705 INFO  ExportHelperExtension.cs: 1136 - Found 37 in nucunderupper-1
2026-05-14 21:46:58,705 INFO  ExportHelperExtension.cs: 1145 - Found 0 features of type [RefAxis] in nucunderupper-1
2026-05-14 21:46:58,705 INFO  ExportHelperExtension.cs: 1125 - Retrieving features of type [RefAxis] from SupportbaseExtruder-1
2026-05-14 21:46:58,705 INFO  ExportHelperExtension.cs: 1136 - Found 45 in SupportbaseExtruder-1
2026-05-14 21:46:58,705 INFO  ExportHelperExtension.cs: 1145 - Found 0 features of type [RefAxis] in SupportbaseExtruder-1
2026-05-14 21:46:58,705 INFO  ExportHelperExtension.cs: 1125 - Retrieving features of type [RefAxis] from SupportbaseExtruder2-1
2026-05-14 21:46:58,705 INFO  ExportHelperExtension.cs: 1136 - Found 47 in SupportbaseExtruder2-1
2026-05-14 21:46:58,705 INFO  ExportHelperExtension.cs: 1145 - Found 0 features of type [RefAxis] in SupportbaseExtruder2-1
2026-05-14 21:46:58,705 INFO  ExportHelperExtension.cs: 1125 - Retrieving features of type [RefAxis] from nucunderlyer-1
2026-05-14 21:46:58,705 INFO  ExportHelperExtension.cs: 1136 - Found 57 in nucunderlyer-1
2026-05-14 21:46:58,705 INFO  ExportHelperExtension.cs: 1145 - Found 0 features of type [RefAxis] in nucunderlyer-1
2026-05-14 21:46:58,705 INFO  ExportHelperExtension.cs: 1125 - Retrieving features of type [RefAxis] from RPLIDAR C1-1
2026-05-14 21:46:58,705 INFO  ExportHelperExtension.cs: 1136 - Found 124 in RPLIDAR C1-1
2026-05-14 21:46:58,705 INFO  ExportHelperExtension.cs: 1145 - Found 3 features of type [RefAxis] in RPLIDAR C1-1
2026-05-14 21:46:58,705 INFO  ExportHelperExtension.cs: 1125 - Retrieving features of type [RefAxis] from rplidarunderscore-1
2026-05-14 21:46:58,705 INFO  ExportHelperExtension.cs: 1136 - Found 45 in rplidarunderscore-1
2026-05-14 21:46:58,705 INFO  ExportHelperExtension.cs: 1145 - Found 0 features of type [RefAxis] in rplidarunderscore-1
2026-05-14 21:46:58,705 INFO  ExportHelperExtension.cs: 1125 - Retrieving features of type [RefAxis] from Wheel_front-1
2026-05-14 21:46:58,705 INFO  ExportHelperExtension.cs: 1136 - Found 28 in Wheel_front-1
2026-05-14 21:46:58,705 INFO  ExportHelperExtension.cs: 1145 - Found 0 features of type [RefAxis] in Wheel_front-1
2026-05-14 21:46:58,705 INFO  ExportHelperExtension.cs: 1125 - Retrieving features of type [RefAxis] from wheel-8
2026-05-14 21:46:58,705 INFO  ExportHelperExtension.cs: 1136 - Found 35 in wheel-8
2026-05-14 21:46:58,705 INFO  ExportHelperExtension.cs: 1145 - Found 2 features of type [RefAxis] in wheel-8
2026-05-14 21:46:58,705 INFO  ExportHelperExtension.cs: 1125 - Retrieving features of type [RefAxis] from bumper-2
2026-05-14 21:46:58,705 INFO  ExportHelperExtension.cs: 1136 - Found 62 in bumper-2
2026-05-14 21:46:58,705 INFO  ExportHelperExtension.cs: 1145 - Found 0 features of type [RefAxis] in bumper-2
2026-05-14 21:46:58,705 INFO  ExportHelperExtension.cs: 1125 - Retrieving features of type [RefAxis] from Wheel_front-3
2026-05-14 21:46:58,705 INFO  ExportHelperExtension.cs: 1136 - Found 28 in Wheel_front-3
2026-05-14 21:46:58,721 INFO  ExportHelperExtension.cs: 1145 - Found 0 features of type [RefAxis] in Wheel_front-3
2026-05-14 21:46:58,721 INFO  ExportHelperExtension.cs: 1125 - Retrieving features of type [RefAxis] from bumper-3
2026-05-14 21:46:58,721 INFO  ExportHelperExtension.cs: 1136 - Found 62 in bumper-3
2026-05-14 21:46:58,721 INFO  ExportHelperExtension.cs: 1145 - Found 0 features of type [RefAxis] in bumper-3
2026-05-14 21:46:58,721 INFO  ExportHelperExtension.cs: 1125 - Retrieving features of type [RefAxis] from Part2-1
2026-05-14 21:46:58,721 INFO  ExportHelperExtension.cs: 1136 - Found 60 in Part2-1
2026-05-14 21:46:58,721 INFO  ExportHelperExtension.cs: 1145 - Found 0 features of type [RefAxis] in Part2-1
2026-05-14 21:46:58,721 INFO  ExportHelperExtension.cs: 1125 - Retrieving features of type [RefAxis] from Part3-1
2026-05-14 21:46:58,721 INFO  ExportHelperExtension.cs: 1136 - Found 56 in Part3-1
2026-05-14 21:46:58,721 INFO  ExportHelperExtension.cs: 1145 - Found 0 features of type [RefAxis] in Part3-1
2026-05-14 21:46:58,721 INFO  ExportHelperExtension.cs: 1125 - Retrieving features of type [RefAxis] from MainBase-1
2026-05-14 21:46:58,721 INFO  ExportHelperExtension.cs: 1136 - Found 49 in MainBase-1
2026-05-14 21:46:58,721 INFO  ExportHelperExtension.cs: 1145 - Found 0 features of type [RefAxis] in MainBase-1
2026-05-14 21:46:58,721 INFO  ExportHelperExtension.cs: 1125 - Retrieving features of type [RefAxis] from Part4-edit-1
2026-05-14 21:46:58,721 INFO  ExportHelperExtension.cs: 1136 - Found 67 in Part4-edit-1
2026-05-14 21:46:58,721 INFO  ExportHelperExtension.cs: 1145 - Found 0 features of type [RefAxis] in Part4-edit-1
2026-05-14 21:46:58,721 INFO  ExportHelperExtension.cs: 1125 - Retrieving features of type [RefAxis] from SupportBase-1
2026-05-14 21:46:58,721 INFO  ExportHelperExtension.cs: 1136 - Found 52 in SupportBase-1
2026-05-14 21:46:58,721 INFO  ExportHelperExtension.cs: 1145 - Found 0 features of type [RefAxis] in SupportBase-1
2026-05-14 21:46:58,721 INFO  ExportHelperExtension.cs: 1125 - Retrieving features of type [RefAxis] from battery-3
2026-05-14 21:46:58,721 INFO  ExportHelperExtension.cs: 1136 - Found 25 in battery-3
2026-05-14 21:46:58,721 INFO  ExportHelperExtension.cs: 1145 - Found 0 features of type [RefAxis] in battery-3
2026-05-14 21:46:58,721 INFO  ExportHelperExtension.cs: 1125 - Retrieving features of type [RefAxis] from batteryswapper-1
2026-05-14 21:46:58,721 INFO  ExportHelperExtension.cs: 1136 - Found 31 in batteryswapper-1
2026-05-14 21:46:58,721 INFO  ExportHelperExtension.cs: 1145 - Found 0 features of type [RefAxis] in batteryswapper-1
2026-05-14 21:46:58,721 INFO  ExportHelperExtension.cs: 1125 - Retrieving features of type [RefAxis] from Batteryholder-2
2026-05-14 21:46:58,721 INFO  ExportHelperExtension.cs: 1136 - Found 65 in Batteryholder-2
2026-05-14 21:46:58,721 INFO  ExportHelperExtension.cs: 1145 - Found 0 features of type [RefAxis] in Batteryholder-2
2026-05-14 21:46:58,721 INFO  ExportHelperExtension.cs: 1125 - Retrieving features of type [RefAxis] from STM32 Nucleo Case v2-1
2026-05-14 21:46:58,721 INFO  ExportHelperExtension.cs: 1136 - Found 83 in STM32 Nucleo Case v2-1
2026-05-14 21:46:58,721 INFO  ExportHelperExtension.cs: 1145 - Found 0 features of type [RefAxis] in STM32 Nucleo Case v2-1
2026-05-14 21:46:58,730 INFO  ExportHelperExtension.cs: 1125 - Retrieving features of type [RefAxis] from batteryswapper-2
2026-05-14 21:46:58,730 INFO  ExportHelperExtension.cs: 1136 - Found 31 in batteryswapper-2
2026-05-14 21:46:58,730 INFO  ExportHelperExtension.cs: 1145 - Found 0 features of type [RefAxis] in batteryswapper-2
2026-05-14 21:46:58,730 INFO  ExportHelperExtension.cs: 1125 - Retrieving features of type [RefAxis] from battery-4
2026-05-14 21:46:58,730 INFO  ExportHelperExtension.cs: 1136 - Found 25 in battery-4
2026-05-14 21:46:58,730 INFO  ExportHelperExtension.cs: 1145 - Found 0 features of type [RefAxis] in battery-4
2026-05-14 21:46:59,210 INFO  SwAddin.cs: 339 - Loading config tree
2026-05-14 21:46:59,210 INFO  ExportPropertyManagerExtension.cs: 520 - Starting new configuration
2026-05-14 21:46:59,210 INFO  SwAddin.cs: 344 - Showing property manager
2026-05-14 21:48:04,369 INFO  ExportPropertyManager.cs: 1136 - OnNumberBoxTrackingCompleted called. This method no longer throws an Exception. It just silently does nothing. Ok, except for this logging message
2026-05-14 21:48:04,799 INFO  ExportPropertyManager.cs: 1136 - OnNumberBoxTrackingCompleted called. This method no longer throws an Exception. It just silently does nothing. Ok, except for this logging message
2026-05-14 21:48:05,001 INFO  ExportPropertyManager.cs: 1136 - OnNumberBoxTrackingCompleted called. This method no longer throws an Exception. It just silently does nothing. Ok, except for this logging message
2026-05-14 21:48:05,611 INFO  ExportPropertyManager.cs: 1136 - OnNumberBoxTrackingCompleted called. This method no longer throws an Exception. It just silently does nothing. Ok, except for this logging message
2026-05-14 21:48:46,076 INFO  ExportPropertyManager.cs: 1018 - OnComboboxSelectionChanged called. This method no longer throws an Exception. It just silently does nothing. Ok, except for this logging message
2026-05-14 21:49:12,745 INFO  ExportPropertyManager.cs: 1018 - OnComboboxSelectionChanged called. This method no longer throws an Exception. It just silently does nothing. Ok, except for this logging message
2026-05-14 21:49:17,513 INFO  ExportPropertyManager.cs: 1018 - OnComboboxSelectionChanged called. This method no longer throws an Exception. It just silently does nothing. Ok, except for this logging message
2026-05-14 21:49:20,357 INFO  ExportPropertyManager.cs: 1018 - OnComboboxSelectionChanged called. This method no longer throws an Exception. It just silently does nothing. Ok, except for this logging message
2026-05-14 21:49:38,041 INFO  ExportPropertyManager.cs: 1018 - OnComboboxSelectionChanged called. This method no longer throws an Exception. It just silently does nothing. Ok, except for this logging message
2026-05-14 21:49:45,571 INFO  ExportPropertyManager.cs: 1018 - OnComboboxSelectionChanged called. This method no longer throws an Exception. It just silently does nothing. Ok, except for this logging message
2026-05-14 21:50:02,720 INFO  ExportPropertyManager.cs: 1018 - OnComboboxSelectionChanged called. This method no longer throws an Exception. It just silently does nothing. Ok, except for this logging message
2026-05-14 21:50:04,751 INFO  ExportPropertyManager.cs: 1018 - OnComboboxSelectionChanged called. This method no longer throws an Exception. It just silently does nothing. Ok, except for this logging message
2026-05-14 21:50:25,262 INFO  ExportPropertyManager.cs: 1018 - OnComboboxSelectionChanged called. This method no longer throws an Exception. It just silently does nothing. Ok, except for this logging message
2026-05-14 21:50:30,162 INFO  ExportPropertyManager.cs: 1018 - OnComboboxSelectionChanged called. This method no longer throws an Exception. It just silently does nothing. Ok, except for this logging message
2026-05-14 21:50:37,897 INFO  ExportPropertyManager.cs: 1018 - OnComboboxSelectionChanged called. This method no longer throws an Exception. It just silently does nothing. Ok, except for this logging message
2026-05-14 21:51:03,186 INFO  ExportPropertyManager.cs: 1018 - OnComboboxSelectionChanged called. This method no longer throws an Exception. It just silently does nothing. Ok, except for this logging message
2026-05-14 21:51:18,521 INFO  ExportPropertyManager.cs: 1018 - OnComboboxSelectionChanged called. This method no longer throws an Exception. It just silently does nothing. Ok, except for this logging message
2026-05-14 21:51:54,729 INFO  ExportPropertyManager.cs: 1018 - OnComboboxSelectionChanged called. This method no longer throws an Exception. It just silently does nothing. Ok, except for this logging message
2026-05-14 21:52:04,059 INFO  ExportPropertyManager.cs: 1018 - OnComboboxSelectionChanged called. This method no longer throws an Exception. It just silently does nothing. Ok, except for this logging message
2026-05-14 21:52:10,994 INFO  ExportPropertyManager.cs: 1142 - AfterClose called. This method no longer throws an Exception. It just silently does nothing. Ok, except for this logging message
2026-05-14 21:54:09,907 INFO  SwAddin.cs: 294 - Assembly export called for file simplify
2026-05-14 21:54:09,907 INFO  SwAddin.cs: 299 - Save is required
2026-05-14 21:54:09,909 INFO  SwAddin.cs: 313 - Saving assembly
2026-05-14 21:54:11,351 INFO  SwAddin.cs: 316 - Opening property manager
2026-05-14 21:54:11,351 INFO  ExportHelperExtension.cs: 1125 - Retrieving features of type [CoordSys] from simplify
2026-05-14 21:54:11,351 INFO  ExportHelperExtension.cs: 1136 - Found 248 in simplify
2026-05-14 21:54:11,351 INFO  ExportHelperExtension.cs: 1145 - Found 9 features of type [CoordSys] in simplify
2026-05-14 21:54:11,351 INFO  ExportHelperExtension.cs: 1148 - Proceeding through assembly components
2026-05-14 21:54:11,351 INFO  ExportHelperExtension.cs: 1160 - 34 components to check
2026-05-14 21:54:11,351 INFO  ExportHelperExtension.cs: 1125 - Retrieving features of type [CoordSys] from imu_stickmock-1
2026-05-14 21:54:11,351 INFO  ExportHelperExtension.cs: 1136 - Found 30 in imu_stickmock-1
2026-05-14 21:54:11,357 INFO  ExportHelperExtension.cs: 1145 - Found 0 features of type [CoordSys] in imu_stickmock-1
2026-05-14 21:54:11,357 INFO  ExportHelperExtension.cs: 1125 - Retrieving features of type [CoordSys] from LEDspuck-1
2026-05-14 21:54:11,357 INFO  ExportHelperExtension.cs: 1136 - Found 52 in LEDspuck-1
2026-05-14 21:54:11,357 INFO  ExportHelperExtension.cs: 1145 - Found 0 features of type [CoordSys] in LEDspuck-1
2026-05-14 21:54:11,357 INFO  ExportHelperExtension.cs: 1125 - Retrieving features of type [CoordSys] from Batteryholder-3
2026-05-14 21:54:11,357 INFO  ExportHelperExtension.cs: 1136 - Found 65 in Batteryholder-3
2026-05-14 21:54:11,357 INFO  ExportHelperExtension.cs: 1145 - Found 0 features of type [CoordSys] in Batteryholder-3
2026-05-14 21:54:11,357 INFO  ExportHelperExtension.cs: 1125 - Retrieving features of type [CoordSys] from nucunderupper-1
2026-05-14 21:54:11,357 INFO  ExportHelperExtension.cs: 1136 - Found 37 in nucunderupper-1
2026-05-14 21:54:11,360 INFO  ExportHelperExtension.cs: 1145 - Found 0 features of type [CoordSys] in nucunderupper-1
2026-05-14 21:54:11,360 INFO  ExportHelperExtension.cs: 1125 - Retrieving features of type [CoordSys] from SupportbaseExtruder-1
2026-05-14 21:54:11,360 INFO  ExportHelperExtension.cs: 1136 - Found 45 in SupportbaseExtruder-1
2026-05-14 21:54:11,360 INFO  ExportHelperExtension.cs: 1145 - Found 0 features of type [CoordSys] in SupportbaseExtruder-1
2026-05-14 21:54:11,360 INFO  ExportHelperExtension.cs: 1125 - Retrieving features of type [CoordSys] from SupportbaseExtruder2-1
2026-05-14 21:54:11,360 INFO  ExportHelperExtension.cs: 1136 - Found 47 in SupportbaseExtruder2-1
2026-05-14 21:54:11,360 INFO  ExportHelperExtension.cs: 1145 - Found 0 features of type [CoordSys] in SupportbaseExtruder2-1
2026-05-14 21:54:11,360 INFO  ExportHelperExtension.cs: 1125 - Retrieving features of type [CoordSys] from nucunderlyer-1
2026-05-14 21:54:11,360 INFO  ExportHelperExtension.cs: 1136 - Found 57 in nucunderlyer-1
2026-05-14 21:54:11,360 INFO  ExportHelperExtension.cs: 1145 - Found 0 features of type [CoordSys] in nucunderlyer-1
2026-05-14 21:54:11,360 INFO  ExportHelperExtension.cs: 1125 - Retrieving features of type [CoordSys] from RPLIDAR C1-1
2026-05-14 21:54:11,360 INFO  ExportHelperExtension.cs: 1136 - Found 124 in RPLIDAR C1-1
2026-05-14 21:54:11,360 INFO  ExportHelperExtension.cs: 1145 - Found 0 features of type [CoordSys] in RPLIDAR C1-1
2026-05-14 21:54:11,360 INFO  ExportHelperExtension.cs: 1125 - Retrieving features of type [CoordSys] from rplidarunderscore-1
2026-05-14 21:54:11,360 INFO  ExportHelperExtension.cs: 1136 - Found 45 in rplidarunderscore-1
2026-05-14 21:54:11,360 INFO  ExportHelperExtension.cs: 1145 - Found 0 features of type [CoordSys] in rplidarunderscore-1
2026-05-14 21:54:11,360 INFO  ExportHelperExtension.cs: 1125 - Retrieving features of type [CoordSys] from Wheel_front-1
2026-05-14 21:54:11,360 INFO  ExportHelperExtension.cs: 1136 - Found 28 in Wheel_front-1
2026-05-14 21:54:11,366 INFO  ExportHelperExtension.cs: 1145 - Found 0 features of type [CoordSys] in Wheel_front-1
2026-05-14 21:54:11,366 INFO  ExportHelperExtension.cs: 1125 - Retrieving features of type [CoordSys] from wheel-8
2026-05-14 21:54:11,366 INFO  ExportHelperExtension.cs: 1136 - Found 33 in wheel-8
2026-05-14 21:54:11,366 INFO  ExportHelperExtension.cs: 1145 - Found 0 features of type [CoordSys] in wheel-8
2026-05-14 21:54:11,366 INFO  ExportHelperExtension.cs: 1125 - Retrieving features of type [CoordSys] from bumper-2
2026-05-14 21:54:11,366 INFO  ExportHelperExtension.cs: 1136 - Found 62 in bumper-2
2026-05-14 21:54:11,366 INFO  ExportHelperExtension.cs: 1145 - Found 0 features of type [CoordSys] in bumper-2
2026-05-14 21:54:11,366 INFO  ExportHelperExtension.cs: 1125 - Retrieving features of type [CoordSys] from Wheel_front-3
2026-05-14 21:54:11,366 INFO  ExportHelperExtension.cs: 1136 - Found 28 in Wheel_front-3
2026-05-14 21:54:11,366 INFO  ExportHelperExtension.cs: 1145 - Found 0 features of type [CoordSys] in Wheel_front-3
2026-05-14 21:54:11,366 INFO  ExportHelperExtension.cs: 1125 - Retrieving features of type [CoordSys] from bumper-3
2026-05-14 21:54:11,366 INFO  ExportHelperExtension.cs: 1136 - Found 62 in bumper-3
2026-05-14 21:54:11,366 INFO  ExportHelperExtension.cs: 1145 - Found 0 features of type [CoordSys] in bumper-3
2026-05-14 21:54:11,366 INFO  ExportHelperExtension.cs: 1125 - Retrieving features of type [CoordSys] from Part2-1
2026-05-14 21:54:11,370 INFO  ExportHelperExtension.cs: 1136 - Found 60 in Part2-1
2026-05-14 21:54:11,370 INFO  ExportHelperExtension.cs: 1145 - Found 0 features of type [CoordSys] in Part2-1
2026-05-14 21:54:11,370 INFO  ExportHelperExtension.cs: 1125 - Retrieving features of type [CoordSys] from Part3-1
2026-05-14 21:54:11,371 INFO  ExportHelperExtension.cs: 1136 - Found 56 in Part3-1
2026-05-14 21:54:11,371 INFO  ExportHelperExtension.cs: 1145 - Found 0 features of type [CoordSys] in Part3-1
2026-05-14 21:54:11,371 INFO  ExportHelperExtension.cs: 1125 - Retrieving features of type [CoordSys] from MainBase-1
2026-05-14 21:54:11,371 INFO  ExportHelperExtension.cs: 1136 - Found 49 in MainBase-1
2026-05-14 21:54:11,371 INFO  ExportHelperExtension.cs: 1145 - Found 0 features of type [CoordSys] in MainBase-1
2026-05-14 21:54:11,371 INFO  ExportHelperExtension.cs: 1125 - Retrieving features of type [CoordSys] from Part4-edit-1
2026-05-14 21:54:11,371 INFO  ExportHelperExtension.cs: 1136 - Found 67 in Part4-edit-1
2026-05-14 21:54:11,371 INFO  ExportHelperExtension.cs: 1145 - Found 0 features of type [CoordSys] in Part4-edit-1
2026-05-14 21:54:11,371 INFO  ExportHelperExtension.cs: 1125 - Retrieving features of type [CoordSys] from SupportBase-1
2026-05-14 21:54:11,371 INFO  ExportHelperExtension.cs: 1136 - Found 52 in SupportBase-1
2026-05-14 21:54:11,371 INFO  ExportHelperExtension.cs: 1145 - Found 0 features of type [CoordSys] in SupportBase-1
2026-05-14 21:54:11,371 INFO  ExportHelperExtension.cs: 1125 - Retrieving features of type [CoordSys] from battery-3
2026-05-14 21:54:11,371 INFO  ExportHelperExtension.cs: 1136 - Found 25 in battery-3
2026-05-14 21:54:11,376 INFO  ExportHelperExtension.cs: 1145 - Found 0 features of type [CoordSys] in battery-3
2026-05-14 21:54:11,376 INFO  ExportHelperExtension.cs: 1125 - Retrieving features of type [CoordSys] from batteryswapper-1
2026-05-14 21:54:11,376 INFO  ExportHelperExtension.cs: 1136 - Found 31 in batteryswapper-1
2026-05-14 21:54:11,376 INFO  ExportHelperExtension.cs: 1145 - Found 0 features of type [CoordSys] in batteryswapper-1
2026-05-14 21:54:11,376 INFO  ExportHelperExtension.cs: 1125 - Retrieving features of type [CoordSys] from Batteryholder-2
2026-05-14 21:54:11,376 INFO  ExportHelperExtension.cs: 1136 - Found 65 in Batteryholder-2
2026-05-14 21:54:11,378 INFO  ExportHelperExtension.cs: 1145 - Found 0 features of type [CoordSys] in Batteryholder-2
2026-05-14 21:54:11,378 INFO  ExportHelperExtension.cs: 1125 - Retrieving features of type [CoordSys] from STM32 Nucleo Case v2-1
2026-05-14 21:54:11,378 INFO  ExportHelperExtension.cs: 1136 - Found 83 in STM32 Nucleo Case v2-1
2026-05-14 21:54:11,378 INFO  ExportHelperExtension.cs: 1145 - Found 0 features of type [CoordSys] in STM32 Nucleo Case v2-1
2026-05-14 21:54:11,380 INFO  ExportHelperExtension.cs: 1125 - Retrieving features of type [CoordSys] from batteryswapper-2
2026-05-14 21:54:11,380 INFO  ExportHelperExtension.cs: 1136 - Found 31 in batteryswapper-2
2026-05-14 21:54:11,380 INFO  ExportHelperExtension.cs: 1145 - Found 0 features of type [CoordSys] in batteryswapper-2
2026-05-14 21:54:11,380 INFO  ExportHelperExtension.cs: 1125 - Retrieving features of type [CoordSys] from battery-4
2026-05-14 21:54:11,380 INFO  ExportHelperExtension.cs: 1136 - Found 25 in battery-4
2026-05-14 21:54:11,380 INFO  ExportHelperExtension.cs: 1145 - Found 0 features of type [CoordSys] in battery-4
2026-05-14 21:54:11,381 INFO  ExportHelperExtension.cs: 1125 - Retrieving features of type [RefAxis] from simplify
2026-05-14 21:54:11,381 INFO  ExportHelperExtension.cs: 1136 - Found 248 in simplify
2026-05-14 21:54:11,382 INFO  ExportHelperExtension.cs: 1145 - Found 8 features of type [RefAxis] in simplify
2026-05-14 21:54:11,382 INFO  ExportHelperExtension.cs: 1148 - Proceeding through assembly components
2026-05-14 21:54:11,382 INFO  ExportHelperExtension.cs: 1160 - 34 components to check
2026-05-14 21:54:11,382 INFO  ExportHelperExtension.cs: 1125 - Retrieving features of type [RefAxis] from imu_stickmock-1
2026-05-14 21:54:11,382 INFO  ExportHelperExtension.cs: 1136 - Found 30 in imu_stickmock-1
2026-05-14 21:54:11,382 INFO  ExportHelperExtension.cs: 1145 - Found 0 features of type [RefAxis] in imu_stickmock-1
2026-05-14 21:54:11,382 INFO  ExportHelperExtension.cs: 1125 - Retrieving features of type [RefAxis] from LEDspuck-1
2026-05-14 21:54:11,382 INFO  ExportHelperExtension.cs: 1136 - Found 52 in LEDspuck-1
2026-05-14 21:54:11,385 INFO  ExportHelperExtension.cs: 1145 - Found 0 features of type [RefAxis] in LEDspuck-1
2026-05-14 21:54:11,385 INFO  ExportHelperExtension.cs: 1125 - Retrieving features of type [RefAxis] from Batteryholder-3
2026-05-14 21:54:11,385 INFO  ExportHelperExtension.cs: 1136 - Found 65 in Batteryholder-3
2026-05-14 21:54:11,385 INFO  ExportHelperExtension.cs: 1145 - Found 0 features of type [RefAxis] in Batteryholder-3
2026-05-14 21:54:11,385 INFO  ExportHelperExtension.cs: 1125 - Retrieving features of type [RefAxis] from nucunderupper-1
2026-05-14 21:54:11,385 INFO  ExportHelperExtension.cs: 1136 - Found 37 in nucunderupper-1
2026-05-14 21:54:11,385 INFO  ExportHelperExtension.cs: 1145 - Found 0 features of type [RefAxis] in nucunderupper-1
2026-05-14 21:54:11,385 INFO  ExportHelperExtension.cs: 1125 - Retrieving features of type [RefAxis] from SupportbaseExtruder-1
2026-05-14 21:54:11,385 INFO  ExportHelperExtension.cs: 1136 - Found 45 in SupportbaseExtruder-1
2026-05-14 21:54:11,388 INFO  ExportHelperExtension.cs: 1145 - Found 0 features of type [RefAxis] in SupportbaseExtruder-1
2026-05-14 21:54:11,388 INFO  ExportHelperExtension.cs: 1125 - Retrieving features of type [RefAxis] from SupportbaseExtruder2-1
2026-05-14 21:54:11,388 INFO  ExportHelperExtension.cs: 1136 - Found 47 in SupportbaseExtruder2-1
2026-05-14 21:54:11,388 INFO  ExportHelperExtension.cs: 1145 - Found 0 features of type [RefAxis] in SupportbaseExtruder2-1
2026-05-14 21:54:11,388 INFO  ExportHelperExtension.cs: 1125 - Retrieving features of type [RefAxis] from nucunderlyer-1
2026-05-14 21:54:11,388 INFO  ExportHelperExtension.cs: 1136 - Found 57 in nucunderlyer-1
2026-05-14 21:54:11,388 INFO  ExportHelperExtension.cs: 1145 - Found 0 features of type [RefAxis] in nucunderlyer-1
2026-05-14 21:54:11,388 INFO  ExportHelperExtension.cs: 1125 - Retrieving features of type [RefAxis] from RPLIDAR C1-1
2026-05-14 21:54:11,390 INFO  ExportHelperExtension.cs: 1136 - Found 124 in RPLIDAR C1-1
2026-05-14 21:54:11,390 INFO  ExportHelperExtension.cs: 1145 - Found 3 features of type [RefAxis] in RPLIDAR C1-1
2026-05-14 21:54:11,390 INFO  ExportHelperExtension.cs: 1125 - Retrieving features of type [RefAxis] from rplidarunderscore-1
2026-05-14 21:54:11,390 INFO  ExportHelperExtension.cs: 1136 - Found 45 in rplidarunderscore-1
2026-05-14 21:54:11,390 INFO  ExportHelperExtension.cs: 1145 - Found 0 features of type [RefAxis] in rplidarunderscore-1
2026-05-14 21:54:11,390 INFO  ExportHelperExtension.cs: 1125 - Retrieving features of type [RefAxis] from Wheel_front-1
2026-05-14 21:54:11,392 INFO  ExportHelperExtension.cs: 1136 - Found 28 in Wheel_front-1
2026-05-14 21:54:11,392 INFO  ExportHelperExtension.cs: 1145 - Found 0 features of type [RefAxis] in Wheel_front-1
2026-05-14 21:54:11,392 INFO  ExportHelperExtension.cs: 1125 - Retrieving features of type [RefAxis] from wheel-8
2026-05-14 21:54:11,392 INFO  ExportHelperExtension.cs: 1136 - Found 33 in wheel-8
2026-05-14 21:54:11,392 INFO  ExportHelperExtension.cs: 1145 - Found 0 features of type [RefAxis] in wheel-8
2026-05-14 21:54:11,392 INFO  ExportHelperExtension.cs: 1125 - Retrieving features of type [RefAxis] from bumper-2
2026-05-14 21:54:11,392 INFO  ExportHelperExtension.cs: 1136 - Found 62 in bumper-2
2026-05-14 21:54:11,392 INFO  ExportHelperExtension.cs: 1145 - Found 0 features of type [RefAxis] in bumper-2
2026-05-14 21:54:11,392 INFO  ExportHelperExtension.cs: 1125 - Retrieving features of type [RefAxis] from Wheel_front-3
2026-05-14 21:54:11,392 INFO  ExportHelperExtension.cs: 1136 - Found 28 in Wheel_front-3
2026-05-14 21:54:11,392 INFO  ExportHelperExtension.cs: 1145 - Found 0 features of type [RefAxis] in Wheel_front-3
2026-05-14 21:54:11,392 INFO  ExportHelperExtension.cs: 1125 - Retrieving features of type [RefAxis] from bumper-3
2026-05-14 21:54:11,392 INFO  ExportHelperExtension.cs: 1136 - Found 62 in bumper-3
2026-05-14 21:54:11,392 INFO  ExportHelperExtension.cs: 1145 - Found 0 features of type [RefAxis] in bumper-3
2026-05-14 21:54:11,392 INFO  ExportHelperExtension.cs: 1125 - Retrieving features of type [RefAxis] from Part2-1
2026-05-14 21:54:11,392 INFO  ExportHelperExtension.cs: 1136 - Found 60 in Part2-1
2026-05-14 21:54:11,392 INFO  ExportHelperExtension.cs: 1145 - Found 0 features of type [RefAxis] in Part2-1
2026-05-14 21:54:11,392 INFO  ExportHelperExtension.cs: 1125 - Retrieving features of type [RefAxis] from Part3-1
2026-05-14 21:54:11,392 INFO  ExportHelperExtension.cs: 1136 - Found 56 in Part3-1
2026-05-14 21:54:11,392 INFO  ExportHelperExtension.cs: 1145 - Found 0 features of type [RefAxis] in Part3-1
2026-05-14 21:54:11,392 INFO  ExportHelperExtension.cs: 1125 - Retrieving features of type [RefAxis] from MainBase-1
2026-05-14 21:54:11,512 INFO  ExportHelperExtension.cs: 1136 - Found 49 in MainBase-1
2026-05-14 21:54:11,512 INFO  ExportHelperExtension.cs: 1145 - Found 0 features of type [RefAxis] in MainBase-1
2026-05-14 21:54:11,512 INFO  ExportHelperExtension.cs: 1125 - Retrieving features of type [RefAxis] from Part4-edit-1
2026-05-14 21:54:11,512 INFO  ExportHelperExtension.cs: 1136 - Found 67 in Part4-edit-1
2026-05-14 21:54:11,514 INFO  ExportHelperExtension.cs: 1145 - Found 0 features of type [RefAxis] in Part4-edit-1
2026-05-14 21:54:11,514 INFO  ExportHelperExtension.cs: 1125 - Retrieving features of type [RefAxis] from SupportBase-1
2026-05-14 21:54:11,514 INFO  ExportHelperExtension.cs: 1136 - Found 52 in SupportBase-1
2026-05-14 21:54:11,514 INFO  ExportHelperExtension.cs: 1145 - Found 0 features of type [RefAxis] in SupportBase-1
2026-05-14 21:54:11,514 INFO  ExportHelperExtension.cs: 1125 - Retrieving features of type [RefAxis] from battery-3
2026-05-14 21:54:11,514 INFO  ExportHelperExtension.cs: 1136 - Found 25 in battery-3
2026-05-14 21:54:11,516 INFO  ExportHelperExtension.cs: 1145 - Found 0 features of type [RefAxis] in battery-3
2026-05-14 21:54:11,516 INFO  ExportHelperExtension.cs: 1125 - Retrieving features of type [RefAxis] from batteryswapper-1
2026-05-14 21:54:11,516 INFO  ExportHelperExtension.cs: 1136 - Found 31 in batteryswapper-1
2026-05-14 21:54:11,516 INFO  ExportHelperExtension.cs: 1145 - Found 0 features of type [RefAxis] in batteryswapper-1
2026-05-14 21:54:11,516 INFO  ExportHelperExtension.cs: 1125 - Retrieving features of type [RefAxis] from Batteryholder-2
2026-05-14 21:54:11,516 INFO  ExportHelperExtension.cs: 1136 - Found 65 in Batteryholder-2
2026-05-14 21:54:11,518 INFO  ExportHelperExtension.cs: 1145 - Found 0 features of type [RefAxis] in Batteryholder-2
2026-05-14 21:54:11,518 INFO  ExportHelperExtension.cs: 1125 - Retrieving features of type [RefAxis] from STM32 Nucleo Case v2-1
2026-05-14 21:54:11,518 INFO  ExportHelperExtension.cs: 1136 - Found 83 in STM32 Nucleo Case v2-1
2026-05-14 21:54:11,518 INFO  ExportHelperExtension.cs: 1145 - Found 0 features of type [RefAxis] in STM32 Nucleo Case v2-1
2026-05-14 21:54:11,518 INFO  ExportHelperExtension.cs: 1125 - Retrieving features of type [RefAxis] from batteryswapper-2
2026-05-14 21:54:11,518 INFO  ExportHelperExtension.cs: 1136 - Found 31 in batteryswapper-2
2026-05-14 21:54:11,520 INFO  ExportHelperExtension.cs: 1145 - Found 0 features of type [RefAxis] in batteryswapper-2
2026-05-14 21:54:11,520 INFO  ExportHelperExtension.cs: 1125 - Retrieving features of type [RefAxis] from battery-4
2026-05-14 21:54:11,520 INFO  ExportHelperExtension.cs: 1136 - Found 25 in battery-4
2026-05-14 21:54:11,520 INFO  ExportHelperExtension.cs: 1145 - Found 0 features of type [RefAxis] in battery-4
2026-05-14 21:54:12,044 INFO  SwAddin.cs: 339 - Loading config tree
2026-05-14 21:54:12,044 INFO  ExportPropertyManagerExtension.cs: 520 - Starting new configuration
2026-05-14 21:54:12,046 INFO  SwAddin.cs: 344 - Showing property manager
2026-05-14 21:54:42,254 INFO  ExportPropertyManager.cs: 1142 - AfterClose called. This method no longer throws an Exception. It just silently does nothing. Ok, except for this logging message
2026-05-14 21:55:38,662 INFO  SwAddin.cs: 294 - Assembly export called for file simplify
2026-05-14 21:55:43,967 INFO  SwAddin.cs: 313 - Saving assembly
2026-05-14 21:55:45,052 INFO  SwAddin.cs: 316 - Opening property manager
2026-05-14 21:55:45,052 INFO  ExportHelperExtension.cs: 1125 - Retrieving features of type [CoordSys] from simplify
2026-05-14 21:55:45,052 INFO  ExportHelperExtension.cs: 1136 - Found 248 in simplify
2026-05-14 21:55:45,052 INFO  ExportHelperExtension.cs: 1145 - Found 9 features of type [CoordSys] in simplify
2026-05-14 21:55:45,052 INFO  ExportHelperExtension.cs: 1148 - Proceeding through assembly components
2026-05-14 21:55:45,052 INFO  ExportHelperExtension.cs: 1160 - 34 components to check
2026-05-14 21:55:45,052 INFO  ExportHelperExtension.cs: 1125 - Retrieving features of type [CoordSys] from imu_stickmock-1
2026-05-14 21:55:45,052 INFO  ExportHelperExtension.cs: 1136 - Found 30 in imu_stickmock-1
2026-05-14 21:55:45,052 INFO  ExportHelperExtension.cs: 1145 - Found 0 features of type [CoordSys] in imu_stickmock-1
2026-05-14 21:55:45,052 INFO  ExportHelperExtension.cs: 1125 - Retrieving features of type [CoordSys] from LEDspuck-1
2026-05-14 21:55:45,052 INFO  ExportHelperExtension.cs: 1136 - Found 52 in LEDspuck-1
2026-05-14 21:55:45,052 INFO  ExportHelperExtension.cs: 1145 - Found 0 features of type [CoordSys] in LEDspuck-1
2026-05-14 21:55:45,052 INFO  ExportHelperExtension.cs: 1125 - Retrieving features of type [CoordSys] from Batteryholder-3
2026-05-14 21:55:45,052 INFO  ExportHelperExtension.cs: 1136 - Found 65 in Batteryholder-3
2026-05-14 21:55:45,052 INFO  ExportHelperExtension.cs: 1145 - Found 0 features of type [CoordSys] in Batteryholder-3
2026-05-14 21:55:45,052 INFO  ExportHelperExtension.cs: 1125 - Retrieving features of type [CoordSys] from nucunderupper-1
2026-05-14 21:55:45,052 INFO  ExportHelperExtension.cs: 1136 - Found 37 in nucunderupper-1
2026-05-14 21:55:45,052 INFO  ExportHelperExtension.cs: 1145 - Found 0 features of type [CoordSys] in nucunderupper-1
2026-05-14 21:55:45,052 INFO  ExportHelperExtension.cs: 1125 - Retrieving features of type [CoordSys] from SupportbaseExtruder-1
2026-05-14 21:55:45,052 INFO  ExportHelperExtension.cs: 1136 - Found 45 in SupportbaseExtruder-1
2026-05-14 21:55:45,052 INFO  ExportHelperExtension.cs: 1145 - Found 0 features of type [CoordSys] in SupportbaseExtruder-1
2026-05-14 21:55:45,052 INFO  ExportHelperExtension.cs: 1125 - Retrieving features of type [CoordSys] from SupportbaseExtruder2-1
2026-05-14 21:55:45,060 INFO  ExportHelperExtension.cs: 1136 - Found 47 in SupportbaseExtruder2-1
2026-05-14 21:55:45,060 INFO  ExportHelperExtension.cs: 1145 - Found 0 features of type [CoordSys] in SupportbaseExtruder2-1
2026-05-14 21:55:45,060 INFO  ExportHelperExtension.cs: 1125 - Retrieving features of type [CoordSys] from nucunderlyer-1
2026-05-14 21:55:45,060 INFO  ExportHelperExtension.cs: 1136 - Found 57 in nucunderlyer-1
2026-05-14 21:55:45,060 INFO  ExportHelperExtension.cs: 1145 - Found 0 features of type [CoordSys] in nucunderlyer-1
2026-05-14 21:55:45,060 INFO  ExportHelperExtension.cs: 1125 - Retrieving features of type [CoordSys] from RPLIDAR C1-1
2026-05-14 21:55:45,060 INFO  ExportHelperExtension.cs: 1136 - Found 124 in RPLIDAR C1-1
2026-05-14 21:55:45,060 INFO  ExportHelperExtension.cs: 1145 - Found 0 features of type [CoordSys] in RPLIDAR C1-1
2026-05-14 21:55:45,060 INFO  ExportHelperExtension.cs: 1125 - Retrieving features of type [CoordSys] from rplidarunderscore-1
2026-05-14 21:55:45,060 INFO  ExportHelperExtension.cs: 1136 - Found 45 in rplidarunderscore-1
2026-05-14 21:55:45,060 INFO  ExportHelperExtension.cs: 1145 - Found 0 features of type [CoordSys] in rplidarunderscore-1
2026-05-14 21:55:45,060 INFO  ExportHelperExtension.cs: 1125 - Retrieving features of type [CoordSys] from Wheel_front-1
2026-05-14 21:55:45,060 INFO  ExportHelperExtension.cs: 1136 - Found 28 in Wheel_front-1
2026-05-14 21:55:45,060 INFO  ExportHelperExtension.cs: 1145 - Found 0 features of type [CoordSys] in Wheel_front-1
2026-05-14 21:55:45,060 INFO  ExportHelperExtension.cs: 1125 - Retrieving features of type [CoordSys] from wheel-8
2026-05-14 21:55:45,060 INFO  ExportHelperExtension.cs: 1136 - Found 33 in wheel-8
2026-05-14 21:55:45,060 INFO  ExportHelperExtension.cs: 1145 - Found 0 features of type [CoordSys] in wheel-8
2026-05-14 21:55:45,060 INFO  ExportHelperExtension.cs: 1125 - Retrieving features of type [CoordSys] from bumper-2
2026-05-14 21:55:45,060 INFO  ExportHelperExtension.cs: 1136 - Found 62 in bumper-2
2026-05-14 21:55:45,060 INFO  ExportHelperExtension.cs: 1145 - Found 0 features of type [CoordSys] in bumper-2
2026-05-14 21:55:45,060 INFO  ExportHelperExtension.cs: 1125 - Retrieving features of type [CoordSys] from Wheel_front-3
2026-05-14 21:55:45,060 INFO  ExportHelperExtension.cs: 1136 - Found 28 in Wheel_front-3
2026-05-14 21:55:45,060 INFO  ExportHelperExtension.cs: 1145 - Found 0 features of type [CoordSys] in Wheel_front-3
2026-05-14 21:55:45,060 INFO  ExportHelperExtension.cs: 1125 - Retrieving features of type [CoordSys] from bumper-3
2026-05-14 21:55:45,060 INFO  ExportHelperExtension.cs: 1136 - Found 62 in bumper-3
2026-05-14 21:55:45,060 INFO  ExportHelperExtension.cs: 1145 - Found 0 features of type [CoordSys] in bumper-3
2026-05-14 21:55:45,060 INFO  ExportHelperExtension.cs: 1125 - Retrieving features of type [CoordSys] from Part2-1
2026-05-14 21:55:45,060 INFO  ExportHelperExtension.cs: 1136 - Found 60 in Part2-1
2026-05-14 21:55:45,060 INFO  ExportHelperExtension.cs: 1145 - Found 0 features of type [CoordSys] in Part2-1
2026-05-14 21:55:45,060 INFO  ExportHelperExtension.cs: 1125 - Retrieving features of type [CoordSys] from Part3-1
2026-05-14 21:55:45,060 INFO  ExportHelperExtension.cs: 1136 - Found 56 in Part3-1
2026-05-14 21:55:45,060 INFO  ExportHelperExtension.cs: 1145 - Found 0 features of type [CoordSys] in Part3-1
2026-05-14 21:55:45,060 INFO  ExportHelperExtension.cs: 1125 - Retrieving features of type [CoordSys] from MainBase-1
2026-05-14 21:55:45,060 INFO  ExportHelperExtension.cs: 1136 - Found 49 in MainBase-1
2026-05-14 21:55:45,060 INFO  ExportHelperExtension.cs: 1145 - Found 0 features of type [CoordSys] in MainBase-1
2026-05-14 21:55:45,060 INFO  ExportHelperExtension.cs: 1125 - Retrieving features of type [CoordSys] from Part4-edit-1
2026-05-14 21:55:45,060 INFO  ExportHelperExtension.cs: 1136 - Found 67 in Part4-edit-1
2026-05-14 21:55:45,060 INFO  ExportHelperExtension.cs: 1145 - Found 0 features of type [CoordSys] in Part4-edit-1
2026-05-14 21:55:45,060 INFO  ExportHelperExtension.cs: 1125 - Retrieving features of type [CoordSys] from SupportBase-1
2026-05-14 21:55:45,060 INFO  ExportHelperExtension.cs: 1136 - Found 52 in SupportBase-1
2026-05-14 21:55:45,060 INFO  ExportHelperExtension.cs: 1145 - Found 0 features of type [CoordSys] in SupportBase-1
2026-05-14 21:55:45,060 INFO  ExportHelperExtension.cs: 1125 - Retrieving features of type [CoordSys] from battery-3
2026-05-14 21:55:45,060 INFO  ExportHelperExtension.cs: 1136 - Found 25 in battery-3
2026-05-14 21:55:45,060 INFO  ExportHelperExtension.cs: 1145 - Found 0 features of type [CoordSys] in battery-3
2026-05-14 21:55:45,060 INFO  ExportHelperExtension.cs: 1125 - Retrieving features of type [CoordSys] from batteryswapper-1
2026-05-14 21:55:45,060 INFO  ExportHelperExtension.cs: 1136 - Found 31 in batteryswapper-1
2026-05-14 21:55:45,060 INFO  ExportHelperExtension.cs: 1145 - Found 0 features of type [CoordSys] in batteryswapper-1
2026-05-14 21:55:45,076 INFO  ExportHelperExtension.cs: 1125 - Retrieving features of type [CoordSys] from Batteryholder-2
2026-05-14 21:55:45,076 INFO  ExportHelperExtension.cs: 1136 - Found 65 in Batteryholder-2
2026-05-14 21:55:45,076 INFO  ExportHelperExtension.cs: 1145 - Found 0 features of type [CoordSys] in Batteryholder-2
2026-05-14 21:55:45,076 INFO  ExportHelperExtension.cs: 1125 - Retrieving features of type [CoordSys] from STM32 Nucleo Case v2-1
2026-05-14 21:55:45,076 INFO  ExportHelperExtension.cs: 1136 - Found 83 in STM32 Nucleo Case v2-1
2026-05-14 21:55:45,078 INFO  ExportHelperExtension.cs: 1145 - Found 0 features of type [CoordSys] in STM32 Nucleo Case v2-1
2026-05-14 21:55:45,078 INFO  ExportHelperExtension.cs: 1125 - Retrieving features of type [CoordSys] from batteryswapper-2
2026-05-14 21:55:45,078 INFO  ExportHelperExtension.cs: 1136 - Found 31 in batteryswapper-2
2026-05-14 21:55:45,078 INFO  ExportHelperExtension.cs: 1145 - Found 0 features of type [CoordSys] in batteryswapper-2
2026-05-14 21:55:45,078 INFO  ExportHelperExtension.cs: 1125 - Retrieving features of type [CoordSys] from battery-4
2026-05-14 21:55:45,078 INFO  ExportHelperExtension.cs: 1136 - Found 25 in battery-4
2026-05-14 21:55:45,080 INFO  ExportHelperExtension.cs: 1145 - Found 0 features of type [CoordSys] in battery-4
2026-05-14 21:55:45,080 INFO  ExportHelperExtension.cs: 1125 - Retrieving features of type [RefAxis] from simplify
2026-05-14 21:55:45,080 INFO  ExportHelperExtension.cs: 1136 - Found 248 in simplify
2026-05-14 21:55:45,080 INFO  ExportHelperExtension.cs: 1145 - Found 8 features of type [RefAxis] in simplify
2026-05-14 21:55:45,080 INFO  ExportHelperExtension.cs: 1148 - Proceeding through assembly components
2026-05-14 21:55:45,082 INFO  ExportHelperExtension.cs: 1160 - 34 components to check
2026-05-14 21:55:45,082 INFO  ExportHelperExtension.cs: 1125 - Retrieving features of type [RefAxis] from imu_stickmock-1
2026-05-14 21:55:45,082 INFO  ExportHelperExtension.cs: 1136 - Found 30 in imu_stickmock-1
2026-05-14 21:55:45,082 INFO  ExportHelperExtension.cs: 1145 - Found 0 features of type [RefAxis] in imu_stickmock-1
2026-05-14 21:55:45,082 INFO  ExportHelperExtension.cs: 1125 - Retrieving features of type [RefAxis] from LEDspuck-1
2026-05-14 21:55:45,082 INFO  ExportHelperExtension.cs: 1136 - Found 52 in LEDspuck-1
2026-05-14 21:55:45,082 INFO  ExportHelperExtension.cs: 1145 - Found 0 features of type [RefAxis] in LEDspuck-1
2026-05-14 21:55:45,084 INFO  ExportHelperExtension.cs: 1125 - Retrieving features of type [RefAxis] from Batteryholder-3
2026-05-14 21:55:45,084 INFO  ExportHelperExtension.cs: 1136 - Found 65 in Batteryholder-3
2026-05-14 21:55:45,084 INFO  ExportHelperExtension.cs: 1145 - Found 0 features of type [RefAxis] in Batteryholder-3
2026-05-14 21:55:45,084 INFO  ExportHelperExtension.cs: 1125 - Retrieving features of type [RefAxis] from nucunderupper-1
2026-05-14 21:55:45,084 INFO  ExportHelperExtension.cs: 1136 - Found 37 in nucunderupper-1
2026-05-14 21:55:45,084 INFO  ExportHelperExtension.cs: 1145 - Found 0 features of type [RefAxis] in nucunderupper-1
2026-05-14 21:55:45,086 INFO  ExportHelperExtension.cs: 1125 - Retrieving features of type [RefAxis] from SupportbaseExtruder-1
2026-05-14 21:55:45,086 INFO  ExportHelperExtension.cs: 1136 - Found 45 in SupportbaseExtruder-1
2026-05-14 21:55:45,086 INFO  ExportHelperExtension.cs: 1145 - Found 0 features of type [RefAxis] in SupportbaseExtruder-1
2026-05-14 21:55:45,086 INFO  ExportHelperExtension.cs: 1125 - Retrieving features of type [RefAxis] from SupportbaseExtruder2-1
2026-05-14 21:55:45,086 INFO  ExportHelperExtension.cs: 1136 - Found 47 in SupportbaseExtruder2-1
2026-05-14 21:55:45,086 INFO  ExportHelperExtension.cs: 1145 - Found 0 features of type [RefAxis] in SupportbaseExtruder2-1
2026-05-14 21:55:45,086 INFO  ExportHelperExtension.cs: 1125 - Retrieving features of type [RefAxis] from nucunderlyer-1
2026-05-14 21:55:45,088 INFO  ExportHelperExtension.cs: 1136 - Found 57 in nucunderlyer-1
2026-05-14 21:55:45,088 INFO  ExportHelperExtension.cs: 1145 - Found 0 features of type [RefAxis] in nucunderlyer-1
2026-05-14 21:55:45,088 INFO  ExportHelperExtension.cs: 1125 - Retrieving features of type [RefAxis] from RPLIDAR C1-1
2026-05-14 21:55:45,088 INFO  ExportHelperExtension.cs: 1136 - Found 124 in RPLIDAR C1-1
2026-05-14 21:55:45,088 INFO  ExportHelperExtension.cs: 1145 - Found 3 features of type [RefAxis] in RPLIDAR C1-1
2026-05-14 21:55:45,090 INFO  ExportHelperExtension.cs: 1125 - Retrieving features of type [RefAxis] from rplidarunderscore-1
2026-05-14 21:55:45,090 INFO  ExportHelperExtension.cs: 1136 - Found 45 in rplidarunderscore-1
2026-05-14 21:55:45,090 INFO  ExportHelperExtension.cs: 1145 - Found 0 features of type [RefAxis] in rplidarunderscore-1
2026-05-14 21:55:45,090 INFO  ExportHelperExtension.cs: 1125 - Retrieving features of type [RefAxis] from Wheel_front-1
2026-05-14 21:55:45,093 INFO  ExportHelperExtension.cs: 1136 - Found 28 in Wheel_front-1
2026-05-14 21:55:45,093 INFO  ExportHelperExtension.cs: 1145 - Found 0 features of type [RefAxis] in Wheel_front-1
2026-05-14 21:55:45,093 INFO  ExportHelperExtension.cs: 1125 - Retrieving features of type [RefAxis] from wheel-8
2026-05-14 21:55:45,166 INFO  ExportHelperExtension.cs: 1136 - Found 33 in wheel-8
2026-05-14 21:55:45,171 INFO  ExportHelperExtension.cs: 1145 - Found 0 features of type [RefAxis] in wheel-8
2026-05-14 21:55:45,171 INFO  ExportHelperExtension.cs: 1125 - Retrieving features of type [RefAxis] from bumper-2
2026-05-14 21:55:45,171 INFO  ExportHelperExtension.cs: 1136 - Found 62 in bumper-2
2026-05-14 21:55:45,171 INFO  ExportHelperExtension.cs: 1145 - Found 0 features of type [RefAxis] in bumper-2
2026-05-14 21:55:45,171 INFO  ExportHelperExtension.cs: 1125 - Retrieving features of type [RefAxis] from Wheel_front-3
2026-05-14 21:55:45,171 INFO  ExportHelperExtension.cs: 1136 - Found 28 in Wheel_front-3
2026-05-14 21:55:45,171 INFO  ExportHelperExtension.cs: 1145 - Found 0 features of type [RefAxis] in Wheel_front-3
2026-05-14 21:55:45,171 INFO  ExportHelperExtension.cs: 1125 - Retrieving features of type [RefAxis] from bumper-3
2026-05-14 21:55:45,171 INFO  ExportHelperExtension.cs: 1136 - Found 62 in bumper-3
2026-05-14 21:55:45,171 INFO  ExportHelperExtension.cs: 1145 - Found 0 features of type [RefAxis] in bumper-3
2026-05-14 21:55:45,171 INFO  ExportHelperExtension.cs: 1125 - Retrieving features of type [RefAxis] from Part2-1
2026-05-14 21:55:45,171 INFO  ExportHelperExtension.cs: 1136 - Found 60 in Part2-1
2026-05-14 21:55:45,171 INFO  ExportHelperExtension.cs: 1145 - Found 0 features of type [RefAxis] in Part2-1
2026-05-14 21:55:45,171 INFO  ExportHelperExtension.cs: 1125 - Retrieving features of type [RefAxis] from Part3-1
2026-05-14 21:55:45,171 INFO  ExportHelperExtension.cs: 1136 - Found 56 in Part3-1
2026-05-14 21:55:45,171 INFO  ExportHelperExtension.cs: 1145 - Found 0 features of type [RefAxis] in Part3-1
2026-05-14 21:55:45,171 INFO  ExportHelperExtension.cs: 1125 - Retrieving features of type [RefAxis] from MainBase-1
2026-05-14 21:55:45,171 INFO  ExportHelperExtension.cs: 1136 - Found 49 in MainBase-1
2026-05-14 21:55:45,171 INFO  ExportHelperExtension.cs: 1145 - Found 0 features of type [RefAxis] in MainBase-1
2026-05-14 21:55:45,171 INFO  ExportHelperExtension.cs: 1125 - Retrieving features of type [RefAxis] from Part4-edit-1
2026-05-14 21:55:45,171 INFO  ExportHelperExtension.cs: 1136 - Found 67 in Part4-edit-1
2026-05-14 21:55:45,171 INFO  ExportHelperExtension.cs: 1145 - Found 0 features of type [RefAxis] in Part4-edit-1
2026-05-14 21:55:45,171 INFO  ExportHelperExtension.cs: 1125 - Retrieving features of type [RefAxis] from SupportBase-1
2026-05-14 21:55:45,171 INFO  ExportHelperExtension.cs: 1136 - Found 52 in SupportBase-1
2026-05-14 21:55:45,171 INFO  ExportHelperExtension.cs: 1145 - Found 0 features of type [RefAxis] in SupportBase-1
2026-05-14 21:55:45,171 INFO  ExportHelperExtension.cs: 1125 - Retrieving features of type [RefAxis] from battery-3
2026-05-14 21:55:45,171 INFO  ExportHelperExtension.cs: 1136 - Found 25 in battery-3
2026-05-14 21:55:45,171 INFO  ExportHelperExtension.cs: 1145 - Found 0 features of type [RefAxis] in battery-3
2026-05-14 21:55:45,171 INFO  ExportHelperExtension.cs: 1125 - Retrieving features of type [RefAxis] from batteryswapper-1
2026-05-14 21:55:45,171 INFO  ExportHelperExtension.cs: 1136 - Found 31 in batteryswapper-1
2026-05-14 21:55:45,171 INFO  ExportHelperExtension.cs: 1145 - Found 0 features of type [RefAxis] in batteryswapper-1
2026-05-14 21:55:45,171 INFO  ExportHelperExtension.cs: 1125 - Retrieving features of type [RefAxis] from Batteryholder-2
2026-05-14 21:55:45,171 INFO  ExportHelperExtension.cs: 1136 - Found 65 in Batteryholder-2
2026-05-14 21:55:45,171 INFO  ExportHelperExtension.cs: 1145 - Found 0 features of type [RefAxis] in Batteryholder-2
2026-05-14 21:55:45,171 INFO  ExportHelperExtension.cs: 1125 - Retrieving features of type [RefAxis] from STM32 Nucleo Case v2-1
2026-05-14 21:55:45,171 INFO  ExportHelperExtension.cs: 1136 - Found 83 in STM32 Nucleo Case v2-1
2026-05-14 21:55:45,171 INFO  ExportHelperExtension.cs: 1145 - Found 0 features of type [RefAxis] in STM32 Nucleo Case v2-1
2026-05-14 21:55:45,171 INFO  ExportHelperExtension.cs: 1125 - Retrieving features of type [RefAxis] from batteryswapper-2
2026-05-14 21:55:45,171 INFO  ExportHelperExtension.cs: 1136 - Found 31 in batteryswapper-2
2026-05-14 21:55:45,171 INFO  ExportHelperExtension.cs: 1145 - Found 0 features of type [RefAxis] in batteryswapper-2
2026-05-14 21:55:45,171 INFO  ExportHelperExtension.cs: 1125 - Retrieving features of type [RefAxis] from battery-4
2026-05-14 21:55:45,171 INFO  ExportHelperExtension.cs: 1136 - Found 25 in battery-4
2026-05-14 21:55:45,171 INFO  ExportHelperExtension.cs: 1145 - Found 0 features of type [RefAxis] in battery-4
2026-05-14 21:55:45,345 INFO  SwAddin.cs: 339 - Loading config tree
2026-05-14 21:55:45,345 INFO  ExportPropertyManagerExtension.cs: 520 - Starting new configuration
2026-05-14 21:55:45,345 INFO  SwAddin.cs: 344 - Showing property manager
2026-05-14 21:56:34,218 INFO  ExportPropertyManager.cs: 1136 - OnNumberBoxTrackingCompleted called. This method no longer throws an Exception. It just silently does nothing. Ok, except for this logging message
2026-05-14 21:56:34,399 INFO  ExportPropertyManager.cs: 1136 - OnNumberBoxTrackingCompleted called. This method no longer throws an Exception. It just silently does nothing. Ok, except for this logging message
2026-05-14 21:56:34,553 INFO  ExportPropertyManager.cs: 1136 - OnNumberBoxTrackingCompleted called. This method no longer throws an Exception. It just silently does nothing. Ok, except for this logging message
2026-05-14 21:56:34,673 INFO  ExportPropertyManager.cs: 1136 - OnNumberBoxTrackingCompleted called. This method no longer throws an Exception. It just silently does nothing. Ok, except for this logging message
2026-05-14 21:56:50,909 INFO  ExportPropertyManager.cs: 1018 - OnComboboxSelectionChanged called. This method no longer throws an Exception. It just silently does nothing. Ok, except for this logging message
2026-05-14 21:56:54,570 INFO  ExportPropertyManager.cs: 1018 - OnComboboxSelectionChanged called. This method no longer throws an Exception. It just silently does nothing. Ok, except for this logging message
2026-05-14 21:56:57,011 INFO  ExportPropertyManager.cs: 1018 - OnComboboxSelectionChanged called. This method no longer throws an Exception. It just silently does nothing. Ok, except for this logging message
2026-05-14 21:57:10,584 INFO  ExportPropertyManager.cs: 1018 - OnComboboxSelectionChanged called. This method no longer throws an Exception. It just silently does nothing. Ok, except for this logging message
2026-05-14 21:57:17,765 INFO  ExportPropertyManager.cs: 1018 - OnComboboxSelectionChanged called. This method no longer throws an Exception. It just silently does nothing. Ok, except for this logging message
2026-05-14 21:57:20,489 INFO  ExportPropertyManager.cs: 1018 - OnComboboxSelectionChanged called. This method no longer throws an Exception. It just silently does nothing. Ok, except for this logging message
2026-05-14 21:57:29,602 INFO  ExportPropertyManager.cs: 1018 - OnComboboxSelectionChanged called. This method no longer throws an Exception. It just silently does nothing. Ok, except for this logging message
2026-05-14 21:58:57,538 INFO  ExportPropertyManager.cs: 1136 - OnNumberBoxTrackingCompleted called. This method no longer throws an Exception. It just silently does nothing. Ok, except for this logging message
2026-05-14 21:58:57,570 INFO  ExportPropertyManager.cs: 1136 - OnNumberBoxTrackingCompleted called. This method no longer throws an Exception. It just silently does nothing. Ok, except for this logging message
2026-05-14 21:58:57,601 INFO  ExportPropertyManager.cs: 1136 - OnNumberBoxTrackingCompleted called. This method no longer throws an Exception. It just silently does nothing. Ok, except for this logging message
2026-05-14 21:59:28,688 INFO  ExportPropertyManager.cs: 1018 - OnComboboxSelectionChanged called. This method no longer throws an Exception. It just silently does nothing. Ok, except for this logging message
2026-05-14 21:59:32,785 INFO  ExportPropertyManager.cs: 1018 - OnComboboxSelectionChanged called. This method no longer throws an Exception. It just silently does nothing. Ok, except for this logging message
2026-05-14 21:59:48,572 INFO  ExportPropertyManager.cs: 1136 - OnNumberBoxTrackingCompleted called. This method no longer throws an Exception. It just silently does nothing. Ok, except for this logging message
2026-05-14 21:59:48,957 INFO  ExportPropertyManager.cs: 1136 - OnNumberBoxTrackingCompleted called. This method no longer throws an Exception. It just silently does nothing. Ok, except for this logging message
2026-05-14 21:59:49,659 INFO  ExportPropertyManager.cs: 1136 - OnNumberBoxTrackingCompleted called. This method no longer throws an Exception. It just silently does nothing. Ok, except for this logging message
2026-05-14 22:00:07,501 INFO  ExportPropertyManager.cs: 1018 - OnComboboxSelectionChanged called. This method no longer throws an Exception. It just silently does nothing. Ok, except for this logging message
2026-05-14 22:00:10,537 INFO  ExportPropertyManager.cs: 1018 - OnComboboxSelectionChanged called. This method no longer throws an Exception. It just silently does nothing. Ok, except for this logging message
2026-05-14 22:00:15,523 INFO  ExportPropertyManager.cs: 1018 - OnComboboxSelectionChanged called. This method no longer throws an Exception. It just silently does nothing. Ok, except for this logging message
2026-05-14 22:00:20,787 INFO  ExportPropertyManager.cs: 1018 - OnComboboxSelectionChanged called. This method no longer throws an Exception. It just silently does nothing. Ok, except for this logging message
2026-05-14 22:00:22,456 INFO  ExportPropertyManager.cs: 1018 - OnComboboxSelectionChanged called. This method no longer throws an Exception. It just silently does nothing. Ok, except for this logging message
2026-05-14 22:00:22,505 INFO  ExportPropertyManager.cs: 1018 - OnComboboxSelectionChanged called. This method no longer throws an Exception. It just silently does nothing. Ok, except for this logging message
2026-05-14 22:00:22,552 INFO  ExportPropertyManager.cs: 1018 - OnComboboxSelectionChanged called. This method no longer throws an Exception. It just silently does nothing. Ok, except for this logging message
2026-05-14 22:00:22,827 INFO  ExportPropertyManager.cs: 1018 - OnComboboxSelectionChanged called. This method no longer throws an Exception. It just silently does nothing. Ok, except for this logging message
2026-05-14 22:00:29,386 INFO  ExportPropertyManager.cs: 1018 - OnComboboxSelectionChanged called. This method no longer throws an Exception. It just silently does nothing. Ok, except for this logging message
2026-05-14 22:00:37,934 INFO  ExportPropertyManager.cs: 1018 - OnComboboxSelectionChanged called. This method no longer throws an Exception. It just silently does nothing. Ok, except for this logging message
2026-05-14 22:00:40,160 INFO  ExportPropertyManager.cs: 1018 - OnComboboxSelectionChanged called. This method no longer throws an Exception. It just silently does nothing. Ok, except for this logging message
2026-05-14 22:01:09,315 INFO  ExportPropertyManager.cs: 422 - Configuration saved
2026-05-14 22:01:09,571 INFO  ExportPropertyManager.cs: 1142 - AfterClose called. This method no longer throws an Exception. It just silently does nothing. Ok, except for this logging message
2026-05-14 22:04:18,939 INFO  SwAddin.cs: 294 - Assembly export called for file simplify
2026-05-14 22:04:18,939 INFO  SwAddin.cs: 299 - Save is required
2026-05-14 22:04:18,939 INFO  SwAddin.cs: 313 - Saving assembly
2026-05-14 22:04:20,194 INFO  SwAddin.cs: 316 - Opening property manager
2026-05-14 22:04:20,194 INFO  ExportHelperExtension.cs: 1125 - Retrieving features of type [CoordSys] from simplify
2026-05-14 22:04:20,194 INFO  ExportHelperExtension.cs: 1136 - Found 252 in simplify
2026-05-14 22:04:20,194 INFO  ExportHelperExtension.cs: 1145 - Found 9 features of type [CoordSys] in simplify
2026-05-14 22:04:20,194 INFO  ExportHelperExtension.cs: 1148 - Proceeding through assembly components
2026-05-14 22:04:20,194 INFO  ExportHelperExtension.cs: 1160 - 34 components to check
2026-05-14 22:04:20,194 INFO  ExportHelperExtension.cs: 1125 - Retrieving features of type [CoordSys] from imu_stickmock-1
2026-05-14 22:04:20,194 INFO  ExportHelperExtension.cs: 1136 - Found 30 in imu_stickmock-1
2026-05-14 22:04:20,194 INFO  ExportHelperExtension.cs: 1145 - Found 0 features of type [CoordSys] in imu_stickmock-1
2026-05-14 22:04:20,194 INFO  ExportHelperExtension.cs: 1125 - Retrieving features of type [CoordSys] from LEDspuck-1
2026-05-14 22:04:20,194 INFO  ExportHelperExtension.cs: 1136 - Found 52 in LEDspuck-1
2026-05-14 22:04:20,194 INFO  ExportHelperExtension.cs: 1145 - Found 0 features of type [CoordSys] in LEDspuck-1
2026-05-14 22:04:20,194 INFO  ExportHelperExtension.cs: 1125 - Retrieving features of type [CoordSys] from Batteryholder-3
2026-05-14 22:04:20,194 INFO  ExportHelperExtension.cs: 1136 - Found 65 in Batteryholder-3
2026-05-14 22:04:20,205 INFO  ExportHelperExtension.cs: 1145 - Found 0 features of type [CoordSys] in Batteryholder-3
2026-05-14 22:04:20,205 INFO  ExportHelperExtension.cs: 1125 - Retrieving features of type [CoordSys] from nucunderupper-1
2026-05-14 22:04:20,205 INFO  ExportHelperExtension.cs: 1136 - Found 37 in nucunderupper-1
2026-05-14 22:04:20,205 INFO  ExportHelperExtension.cs: 1145 - Found 0 features of type [CoordSys] in nucunderupper-1
2026-05-14 22:04:20,205 INFO  ExportHelperExtension.cs: 1125 - Retrieving features of type [CoordSys] from SupportbaseExtruder-1
2026-05-14 22:04:20,205 INFO  ExportHelperExtension.cs: 1136 - Found 45 in SupportbaseExtruder-1
2026-05-14 22:04:20,205 INFO  ExportHelperExtension.cs: 1145 - Found 0 features of type [CoordSys] in SupportbaseExtruder-1
2026-05-14 22:04:20,205 INFO  ExportHelperExtension.cs: 1125 - Retrieving features of type [CoordSys] from SupportbaseExtruder2-1
2026-05-14 22:04:20,205 INFO  ExportHelperExtension.cs: 1136 - Found 47 in SupportbaseExtruder2-1
2026-05-14 22:04:20,205 INFO  ExportHelperExtension.cs: 1145 - Found 0 features of type [CoordSys] in SupportbaseExtruder2-1
2026-05-14 22:04:20,205 INFO  ExportHelperExtension.cs: 1125 - Retrieving features of type [CoordSys] from nucunderlyer-1
2026-05-14 22:04:20,205 INFO  ExportHelperExtension.cs: 1136 - Found 57 in nucunderlyer-1
2026-05-14 22:04:20,205 INFO  ExportHelperExtension.cs: 1145 - Found 0 features of type [CoordSys] in nucunderlyer-1
2026-05-14 22:04:20,205 INFO  ExportHelperExtension.cs: 1125 - Retrieving features of type [CoordSys] from RPLIDAR C1-1
2026-05-14 22:04:20,210 INFO  ExportHelperExtension.cs: 1136 - Found 124 in RPLIDAR C1-1
2026-05-14 22:04:20,210 INFO  ExportHelperExtension.cs: 1145 - Found 0 features of type [CoordSys] in RPLIDAR C1-1
2026-05-14 22:04:20,210 INFO  ExportHelperExtension.cs: 1125 - Retrieving features of type [CoordSys] from rplidarunderscore-1
2026-05-14 22:04:20,210 INFO  ExportHelperExtension.cs: 1136 - Found 45 in rplidarunderscore-1
2026-05-14 22:04:20,210 INFO  ExportHelperExtension.cs: 1145 - Found 0 features of type [CoordSys] in rplidarunderscore-1
2026-05-14 22:04:20,210 INFO  ExportHelperExtension.cs: 1125 - Retrieving features of type [CoordSys] from Wheel_front-1
2026-05-14 22:04:20,210 INFO  ExportHelperExtension.cs: 1136 - Found 28 in Wheel_front-1
2026-05-14 22:04:20,210 INFO  ExportHelperExtension.cs: 1145 - Found 0 features of type [CoordSys] in Wheel_front-1
2026-05-14 22:04:20,210 INFO  ExportHelperExtension.cs: 1125 - Retrieving features of type [CoordSys] from wheel-8
2026-05-14 22:04:20,213 INFO  ExportHelperExtension.cs: 1136 - Found 33 in wheel-8
2026-05-14 22:04:20,213 INFO  ExportHelperExtension.cs: 1145 - Found 0 features of type [CoordSys] in wheel-8
2026-05-14 22:04:20,213 INFO  ExportHelperExtension.cs: 1125 - Retrieving features of type [CoordSys] from bumper-2
2026-05-14 22:04:20,213 INFO  ExportHelperExtension.cs: 1136 - Found 62 in bumper-2
2026-05-14 22:04:20,213 INFO  ExportHelperExtension.cs: 1145 - Found 0 features of type [CoordSys] in bumper-2
2026-05-14 22:04:20,213 INFO  ExportHelperExtension.cs: 1125 - Retrieving features of type [CoordSys] from Wheel_front-3
2026-05-14 22:04:20,213 INFO  ExportHelperExtension.cs: 1136 - Found 28 in Wheel_front-3
2026-05-14 22:04:20,213 INFO  ExportHelperExtension.cs: 1145 - Found 0 features of type [CoordSys] in Wheel_front-3
2026-05-14 22:04:20,213 INFO  ExportHelperExtension.cs: 1125 - Retrieving features of type [CoordSys] from bumper-3
2026-05-14 22:04:20,213 INFO  ExportHelperExtension.cs: 1136 - Found 62 in bumper-3
2026-05-14 22:04:20,213 INFO  ExportHelperExtension.cs: 1145 - Found 0 features of type [CoordSys] in bumper-3
2026-05-14 22:04:20,213 INFO  ExportHelperExtension.cs: 1125 - Retrieving features of type [CoordSys] from Part2-1
2026-05-14 22:04:20,213 INFO  ExportHelperExtension.cs: 1136 - Found 60 in Part2-1
2026-05-14 22:04:20,218 INFO  ExportHelperExtension.cs: 1145 - Found 0 features of type [CoordSys] in Part2-1
2026-05-14 22:04:20,218 INFO  ExportHelperExtension.cs: 1125 - Retrieving features of type [CoordSys] from Part3-1
2026-05-14 22:04:20,218 INFO  ExportHelperExtension.cs: 1136 - Found 56 in Part3-1
2026-05-14 22:04:20,218 INFO  ExportHelperExtension.cs: 1145 - Found 0 features of type [CoordSys] in Part3-1
2026-05-14 22:04:20,218 INFO  ExportHelperExtension.cs: 1125 - Retrieving features of type [CoordSys] from MainBase-1
2026-05-14 22:04:20,220 INFO  ExportHelperExtension.cs: 1136 - Found 49 in MainBase-1
2026-05-14 22:04:20,220 INFO  ExportHelperExtension.cs: 1145 - Found 0 features of type [CoordSys] in MainBase-1
2026-05-14 22:04:20,220 INFO  ExportHelperExtension.cs: 1125 - Retrieving features of type [CoordSys] from Part4-edit-1
2026-05-14 22:04:20,220 INFO  ExportHelperExtension.cs: 1136 - Found 67 in Part4-edit-1
2026-05-14 22:04:20,220 INFO  ExportHelperExtension.cs: 1145 - Found 0 features of type [CoordSys] in Part4-edit-1
2026-05-14 22:04:20,221 INFO  ExportHelperExtension.cs: 1125 - Retrieving features of type [CoordSys] from SupportBase-1
2026-05-14 22:04:20,221 INFO  ExportHelperExtension.cs: 1136 - Found 52 in SupportBase-1
2026-05-14 22:04:20,223 INFO  ExportHelperExtension.cs: 1145 - Found 0 features of type [CoordSys] in SupportBase-1
2026-05-14 22:04:20,223 INFO  ExportHelperExtension.cs: 1125 - Retrieving features of type [CoordSys] from battery-3
2026-05-14 22:04:20,223 INFO  ExportHelperExtension.cs: 1136 - Found 25 in battery-3
2026-05-14 22:04:20,223 INFO  ExportHelperExtension.cs: 1145 - Found 0 features of type [CoordSys] in battery-3
2026-05-14 22:04:20,223 INFO  ExportHelperExtension.cs: 1125 - Retrieving features of type [CoordSys] from batteryswapper-1
2026-05-14 22:04:20,223 INFO  ExportHelperExtension.cs: 1136 - Found 31 in batteryswapper-1
2026-05-14 22:04:20,223 INFO  ExportHelperExtension.cs: 1145 - Found 0 features of type [CoordSys] in batteryswapper-1
2026-05-14 22:04:20,223 INFO  ExportHelperExtension.cs: 1125 - Retrieving features of type [CoordSys] from Batteryholder-2
2026-05-14 22:04:20,223 INFO  ExportHelperExtension.cs: 1136 - Found 65 in Batteryholder-2
2026-05-14 22:04:20,223 INFO  ExportHelperExtension.cs: 1145 - Found 0 features of type [CoordSys] in Batteryholder-2
2026-05-14 22:04:20,223 INFO  ExportHelperExtension.cs: 1125 - Retrieving features of type [CoordSys] from STM32 Nucleo Case v2-1
2026-05-14 22:04:20,223 INFO  ExportHelperExtension.cs: 1136 - Found 83 in STM32 Nucleo Case v2-1
2026-05-14 22:04:20,223 INFO  ExportHelperExtension.cs: 1145 - Found 0 features of type [CoordSys] in STM32 Nucleo Case v2-1
2026-05-14 22:04:20,223 INFO  ExportHelperExtension.cs: 1125 - Retrieving features of type [CoordSys] from batteryswapper-2
2026-05-14 22:04:20,223 INFO  ExportHelperExtension.cs: 1136 - Found 31 in batteryswapper-2
2026-05-14 22:04:20,223 INFO  ExportHelperExtension.cs: 1145 - Found 0 features of type [CoordSys] in batteryswapper-2
2026-05-14 22:04:20,230 INFO  ExportHelperExtension.cs: 1125 - Retrieving features of type [CoordSys] from battery-4
2026-05-14 22:04:20,230 INFO  ExportHelperExtension.cs: 1136 - Found 25 in battery-4
2026-05-14 22:04:20,230 INFO  ExportHelperExtension.cs: 1145 - Found 0 features of type [CoordSys] in battery-4
2026-05-14 22:04:20,230 INFO  ExportHelperExtension.cs: 1125 - Retrieving features of type [RefAxis] from simplify
2026-05-14 22:04:20,230 INFO  ExportHelperExtension.cs: 1136 - Found 252 in simplify
2026-05-14 22:04:20,230 INFO  ExportHelperExtension.cs: 1145 - Found 10 features of type [RefAxis] in simplify
2026-05-14 22:04:20,230 INFO  ExportHelperExtension.cs: 1148 - Proceeding through assembly components
2026-05-14 22:04:20,230 INFO  ExportHelperExtension.cs: 1160 - 34 components to check
2026-05-14 22:04:20,230 INFO  ExportHelperExtension.cs: 1125 - Retrieving features of type [RefAxis] from imu_stickmock-1
2026-05-14 22:04:20,230 INFO  ExportHelperExtension.cs: 1136 - Found 30 in imu_stickmock-1
2026-05-14 22:04:20,230 INFO  ExportHelperExtension.cs: 1145 - Found 0 features of type [RefAxis] in imu_stickmock-1
2026-05-14 22:04:20,230 INFO  ExportHelperExtension.cs: 1125 - Retrieving features of type [RefAxis] from LEDspuck-1
2026-05-14 22:04:20,230 INFO  ExportHelperExtension.cs: 1136 - Found 52 in LEDspuck-1
2026-05-14 22:04:20,230 INFO  ExportHelperExtension.cs: 1145 - Found 0 features of type [RefAxis] in LEDspuck-1
2026-05-14 22:04:20,230 INFO  ExportHelperExtension.cs: 1125 - Retrieving features of type [RefAxis] from Batteryholder-3
2026-05-14 22:04:20,237 INFO  ExportHelperExtension.cs: 1136 - Found 65 in Batteryholder-3
2026-05-14 22:04:20,237 INFO  ExportHelperExtension.cs: 1145 - Found 0 features of type [RefAxis] in Batteryholder-3
2026-05-14 22:04:20,237 INFO  ExportHelperExtension.cs: 1125 - Retrieving features of type [RefAxis] from nucunderupper-1
2026-05-14 22:04:20,237 INFO  ExportHelperExtension.cs: 1136 - Found 37 in nucunderupper-1
2026-05-14 22:04:20,237 INFO  ExportHelperExtension.cs: 1145 - Found 0 features of type [RefAxis] in nucunderupper-1
2026-05-14 22:04:20,237 INFO  ExportHelperExtension.cs: 1125 - Retrieving features of type [RefAxis] from SupportbaseExtruder-1
2026-05-14 22:04:20,239 INFO  ExportHelperExtension.cs: 1136 - Found 45 in SupportbaseExtruder-1
2026-05-14 22:04:20,239 INFO  ExportHelperExtension.cs: 1145 - Found 0 features of type [RefAxis] in SupportbaseExtruder-1
2026-05-14 22:04:20,239 INFO  ExportHelperExtension.cs: 1125 - Retrieving features of type [RefAxis] from SupportbaseExtruder2-1
2026-05-14 22:04:20,239 INFO  ExportHelperExtension.cs: 1136 - Found 47 in SupportbaseExtruder2-1
2026-05-14 22:04:20,239 INFO  ExportHelperExtension.cs: 1145 - Found 0 features of type [RefAxis] in SupportbaseExtruder2-1
2026-05-14 22:04:20,239 INFO  ExportHelperExtension.cs: 1125 - Retrieving features of type [RefAxis] from nucunderlyer-1
2026-05-14 22:04:20,241 INFO  ExportHelperExtension.cs: 1136 - Found 57 in nucunderlyer-1
2026-05-14 22:04:20,241 INFO  ExportHelperExtension.cs: 1145 - Found 0 features of type [RefAxis] in nucunderlyer-1
2026-05-14 22:04:20,241 INFO  ExportHelperExtension.cs: 1125 - Retrieving features of type [RefAxis] from RPLIDAR C1-1
2026-05-14 22:04:20,241 INFO  ExportHelperExtension.cs: 1136 - Found 124 in RPLIDAR C1-1
2026-05-14 22:04:20,241 INFO  ExportHelperExtension.cs: 1145 - Found 3 features of type [RefAxis] in RPLIDAR C1-1
2026-05-14 22:04:20,243 INFO  ExportHelperExtension.cs: 1125 - Retrieving features of type [RefAxis] from rplidarunderscore-1
2026-05-14 22:04:20,243 INFO  ExportHelperExtension.cs: 1136 - Found 45 in rplidarunderscore-1
2026-05-14 22:04:20,243 INFO  ExportHelperExtension.cs: 1145 - Found 0 features of type [RefAxis] in rplidarunderscore-1
2026-05-14 22:04:20,243 INFO  ExportHelperExtension.cs: 1125 - Retrieving features of type [RefAxis] from Wheel_front-1
2026-05-14 22:04:20,243 INFO  ExportHelperExtension.cs: 1136 - Found 28 in Wheel_front-1
2026-05-14 22:04:20,243 INFO  ExportHelperExtension.cs: 1145 - Found 0 features of type [RefAxis] in Wheel_front-1
2026-05-14 22:04:20,243 INFO  ExportHelperExtension.cs: 1125 - Retrieving features of type [RefAxis] from wheel-8
2026-05-14 22:04:20,269 INFO  ExportHelperExtension.cs: 1136 - Found 33 in wheel-8
2026-05-14 22:04:20,269 INFO  ExportHelperExtension.cs: 1145 - Found 0 features of type [RefAxis] in wheel-8
2026-05-14 22:04:20,269 INFO  ExportHelperExtension.cs: 1125 - Retrieving features of type [RefAxis] from bumper-2
2026-05-14 22:04:20,269 INFO  ExportHelperExtension.cs: 1136 - Found 62 in bumper-2
2026-05-14 22:04:20,269 INFO  ExportHelperExtension.cs: 1145 - Found 0 features of type [RefAxis] in bumper-2
2026-05-14 22:04:20,269 INFO  ExportHelperExtension.cs: 1125 - Retrieving features of type [RefAxis] from Wheel_front-3
2026-05-14 22:04:20,269 INFO  ExportHelperExtension.cs: 1136 - Found 28 in Wheel_front-3
2026-05-14 22:04:20,269 INFO  ExportHelperExtension.cs: 1145 - Found 0 features of type [RefAxis] in Wheel_front-3
2026-05-14 22:04:20,269 INFO  ExportHelperExtension.cs: 1125 - Retrieving features of type [RefAxis] from bumper-3
2026-05-14 22:04:20,269 INFO  ExportHelperExtension.cs: 1136 - Found 62 in bumper-3
2026-05-14 22:04:20,269 INFO  ExportHelperExtension.cs: 1145 - Found 0 features of type [RefAxis] in bumper-3
2026-05-14 22:04:20,269 INFO  ExportHelperExtension.cs: 1125 - Retrieving features of type [RefAxis] from Part2-1
2026-05-14 22:04:20,269 INFO  ExportHelperExtension.cs: 1136 - Found 60 in Part2-1
2026-05-14 22:04:20,269 INFO  ExportHelperExtension.cs: 1145 - Found 0 features of type [RefAxis] in Part2-1
2026-05-14 22:04:20,269 INFO  ExportHelperExtension.cs: 1125 - Retrieving features of type [RefAxis] from Part3-1
2026-05-14 22:04:20,269 INFO  ExportHelperExtension.cs: 1136 - Found 56 in Part3-1
2026-05-14 22:04:20,269 INFO  ExportHelperExtension.cs: 1145 - Found 0 features of type [RefAxis] in Part3-1
2026-05-14 22:04:20,269 INFO  ExportHelperExtension.cs: 1125 - Retrieving features of type [RefAxis] from MainBase-1
2026-05-14 22:04:20,269 INFO  ExportHelperExtension.cs: 1136 - Found 49 in MainBase-1
2026-05-14 22:04:20,269 INFO  ExportHelperExtension.cs: 1145 - Found 0 features of type [RefAxis] in MainBase-1
2026-05-14 22:04:20,269 INFO  ExportHelperExtension.cs: 1125 - Retrieving features of type [RefAxis] from Part4-edit-1
2026-05-14 22:04:20,269 INFO  ExportHelperExtension.cs: 1136 - Found 67 in Part4-edit-1
2026-05-14 22:04:20,269 INFO  ExportHelperExtension.cs: 1145 - Found 0 features of type [RefAxis] in Part4-edit-1
2026-05-14 22:04:20,269 INFO  ExportHelperExtension.cs: 1125 - Retrieving features of type [RefAxis] from SupportBase-1
2026-05-14 22:04:20,269 INFO  ExportHelperExtension.cs: 1136 - Found 52 in SupportBase-1
2026-05-14 22:04:20,269 INFO  ExportHelperExtension.cs: 1145 - Found 0 features of type [RefAxis] in SupportBase-1
2026-05-14 22:04:20,269 INFO  ExportHelperExtension.cs: 1125 - Retrieving features of type [RefAxis] from battery-3
2026-05-14 22:04:20,269 INFO  ExportHelperExtension.cs: 1136 - Found 25 in battery-3
2026-05-14 22:04:20,269 INFO  ExportHelperExtension.cs: 1145 - Found 0 features of type [RefAxis] in battery-3
2026-05-14 22:04:20,269 INFO  ExportHelperExtension.cs: 1125 - Retrieving features of type [RefAxis] from batteryswapper-1
2026-05-14 22:04:20,269 INFO  ExportHelperExtension.cs: 1136 - Found 31 in batteryswapper-1
2026-05-14 22:04:20,269 INFO  ExportHelperExtension.cs: 1145 - Found 0 features of type [RefAxis] in batteryswapper-1
2026-05-14 22:04:20,269 INFO  ExportHelperExtension.cs: 1125 - Retrieving features of type [RefAxis] from Batteryholder-2
2026-05-14 22:04:20,269 INFO  ExportHelperExtension.cs: 1136 - Found 65 in Batteryholder-2
2026-05-14 22:04:20,269 INFO  ExportHelperExtension.cs: 1145 - Found 0 features of type [RefAxis] in Batteryholder-2
2026-05-14 22:04:20,269 INFO  ExportHelperExtension.cs: 1125 - Retrieving features of type [RefAxis] from STM32 Nucleo Case v2-1
2026-05-14 22:04:20,269 INFO  ExportHelperExtension.cs: 1136 - Found 83 in STM32 Nucleo Case v2-1
2026-05-14 22:04:20,269 INFO  ExportHelperExtension.cs: 1145 - Found 0 features of type [RefAxis] in STM32 Nucleo Case v2-1
2026-05-14 22:04:20,281 INFO  ExportHelperExtension.cs: 1125 - Retrieving features of type [RefAxis] from batteryswapper-2
2026-05-14 22:04:20,281 INFO  ExportHelperExtension.cs: 1136 - Found 31 in batteryswapper-2
2026-05-14 22:04:20,281 INFO  ExportHelperExtension.cs: 1145 - Found 0 features of type [RefAxis] in batteryswapper-2
2026-05-14 22:04:20,281 INFO  ExportHelperExtension.cs: 1125 - Retrieving features of type [RefAxis] from battery-4
2026-05-14 22:04:20,281 INFO  ExportHelperExtension.cs: 1136 - Found 25 in battery-4
2026-05-14 22:04:20,281 INFO  ExportHelperExtension.cs: 1145 - Found 0 features of type [RefAxis] in battery-4
2026-05-14 22:04:20,814 INFO  SwAddin.cs: 339 - Loading config tree
2026-05-14 22:04:20,814 INFO  ExportPropertyManagerExtension.cs: 520 - Starting new configuration
2026-05-14 22:04:20,814 INFO  SwAddin.cs: 344 - Showing property manager
2026-05-14 22:05:03,683 INFO  ExportPropertyManager.cs: 1136 - OnNumberBoxTrackingCompleted called. This method no longer throws an Exception. It just silently does nothing. Ok, except for this logging message
2026-05-14 22:05:04,051 INFO  ExportPropertyManager.cs: 1136 - OnNumberBoxTrackingCompleted called. This method no longer throws an Exception. It just silently does nothing. Ok, except for this logging message
2026-05-14 22:05:04,402 INFO  ExportPropertyManager.cs: 1136 - OnNumberBoxTrackingCompleted called. This method no longer throws an Exception. It just silently does nothing. Ok, except for this logging message
2026-05-14 22:05:04,704 INFO  ExportPropertyManager.cs: 1136 - OnNumberBoxTrackingCompleted called. This method no longer throws an Exception. It just silently does nothing. Ok, except for this logging message
2026-05-14 22:05:05,079 INFO  ExportPropertyManager.cs: 1136 - OnNumberBoxTrackingCompleted called. This method no longer throws an Exception. It just silently does nothing. Ok, except for this logging message
2026-05-14 22:05:20,426 INFO  ExportPropertyManager.cs: 1018 - OnComboboxSelectionChanged called. This method no longer throws an Exception. It just silently does nothing. Ok, except for this logging message
2026-05-14 22:05:47,859 INFO  ExportPropertyManager.cs: 1018 - OnComboboxSelectionChanged called. This method no longer throws an Exception. It just silently does nothing. Ok, except for this logging message
2026-05-14 22:06:09,569 INFO  ExportPropertyManager.cs: 1018 - OnComboboxSelectionChanged called. This method no longer throws an Exception. It just silently does nothing. Ok, except for this logging message
2026-05-14 22:06:14,962 INFO  ExportPropertyManager.cs: 1018 - OnComboboxSelectionChanged called. This method no longer throws an Exception. It just silently does nothing. Ok, except for this logging message
2026-05-14 22:06:16,589 INFO  ExportPropertyManager.cs: 1018 - OnComboboxSelectionChanged called. This method no longer throws an Exception. It just silently does nothing. Ok, except for this logging message
2026-05-14 22:06:21,257 INFO  ExportPropertyManager.cs: 1018 - OnComboboxSelectionChanged called. This method no longer throws an Exception. It just silently does nothing. Ok, except for this logging message
2026-05-14 22:06:38,233 INFO  ExportPropertyManager.cs: 1018 - OnComboboxSelectionChanged called. This method no longer throws an Exception. It just silently does nothing. Ok, except for this logging message
2026-05-14 22:06:39,883 INFO  ExportPropertyManager.cs: 1018 - OnComboboxSelectionChanged called. This method no longer throws an Exception. It just silently does nothing. Ok, except for this logging message
2026-05-14 22:07:03,122 INFO  ExportPropertyManager.cs: 1018 - OnComboboxSelectionChanged called. This method no longer throws an Exception. It just silently does nothing. Ok, except for this logging message
2026-05-14 22:07:04,745 INFO  ExportPropertyManager.cs: 1018 - OnComboboxSelectionChanged called. This method no longer throws an Exception. It just silently does nothing. Ok, except for this logging message
2026-05-14 22:07:06,614 INFO  ExportPropertyManager.cs: 1018 - OnComboboxSelectionChanged called. This method no longer throws an Exception. It just silently does nothing. Ok, except for this logging message
2026-05-14 22:07:16,662 INFO  ExportPropertyManager.cs: 1018 - OnComboboxSelectionChanged called. This method no longer throws an Exception. It just silently does nothing. Ok, except for this logging message
2026-05-14 22:07:21,249 INFO  ExportPropertyManager.cs: 1018 - OnComboboxSelectionChanged called. This method no longer throws an Exception. It just silently does nothing. Ok, except for this logging message
2026-05-14 22:07:23,753 INFO  ExportPropertyManager.cs: 1018 - OnComboboxSelectionChanged called. This method no longer throws an Exception. It just silently does nothing. Ok, except for this logging message
2026-05-14 22:07:43,491 INFO  ExportPropertyManager.cs: 1018 - OnComboboxSelectionChanged called. This method no longer throws an Exception. It just silently does nothing. Ok, except for this logging message
2026-05-14 22:07:45,672 INFO  ExportPropertyManager.cs: 1018 - OnComboboxSelectionChanged called. This method no longer throws an Exception. It just silently does nothing. Ok, except for this logging message
2026-05-14 22:07:47,199 INFO  ExportPropertyManager.cs: 1018 - OnComboboxSelectionChanged called. This method no longer throws an Exception. It just silently does nothing. Ok, except for this logging message
2026-05-14 22:08:20,961 INFO  ExportPropertyManager.cs: 1018 - OnComboboxSelectionChanged called. This method no longer throws an Exception. It just silently does nothing. Ok, except for this logging message
2026-05-14 22:08:29,079 INFO  ExportPropertyManager.cs: 1018 - OnComboboxSelectionChanged called. This method no longer throws an Exception. It just silently does nothing. Ok, except for this logging message
2026-05-14 22:08:34,383 INFO  ExportPropertyManager.cs: 1018 - OnComboboxSelectionChanged called. This method no longer throws an Exception. It just silently does nothing. Ok, except for this logging message
2026-05-14 22:08:52,240 INFO  ExportPropertyManager.cs: 1018 - OnComboboxSelectionChanged called. This method no longer throws an Exception. It just silently does nothing. Ok, except for this logging message
2026-05-14 22:08:53,914 INFO  ExportPropertyManager.cs: 1018 - OnComboboxSelectionChanged called. This method no longer throws an Exception. It just silently does nothing. Ok, except for this logging message
2026-05-14 22:08:55,770 INFO  ExportPropertyManager.cs: 1018 - OnComboboxSelectionChanged called. This method no longer throws an Exception. It just silently does nothing. Ok, except for this logging message
2026-05-14 22:09:05,596 INFO  ExportPropertyManager.cs: 1018 - OnComboboxSelectionChanged called. This method no longer throws an Exception. It just silently does nothing. Ok, except for this logging message
2026-05-14 22:09:07,689 INFO  ExportPropertyManager.cs: 1018 - OnComboboxSelectionChanged called. This method no longer throws an Exception. It just silently does nothing. Ok, except for this logging message
2026-05-14 22:09:10,625 INFO  ExportPropertyManager.cs: 1018 - OnComboboxSelectionChanged called. This method no longer throws an Exception. It just silently does nothing. Ok, except for this logging message
2026-05-14 22:09:24,819 INFO  ExportPropertyManager.cs: 1018 - OnComboboxSelectionChanged called. This method no longer throws an Exception. It just silently does nothing. Ok, except for this logging message
2026-05-14 22:09:30,321 INFO  ExportPropertyManager.cs: 1018 - OnComboboxSelectionChanged called. This method no longer throws an Exception. It just silently does nothing. Ok, except for this logging message
2026-05-14 22:09:34,362 INFO  ExportPropertyManager.cs: 1018 - OnComboboxSelectionChanged called. This method no longer throws an Exception. It just silently does nothing. Ok, except for this logging message
2026-05-14 22:10:20,837 INFO  ExportPropertyManager.cs: 422 - Configuration saved
2026-05-14 22:10:27,251 INFO  ExportHelperExtension.cs: 347 - Creating joint FR_wheel
2026-05-14 22:10:27,429 WARN  ExportHelperExtension.cs: 351 - Creating joint from parent base_link to child FR_wheel failed
2026-05-14 22:10:27,429 INFO  ExportHelperExtension.cs: 347 - Creating joint FL_wheel
2026-05-14 22:10:27,552 WARN  ExportHelperExtension.cs: 351 - Creating joint from parent base_link to child FL_wheel failed
2026-05-14 22:10:27,570 INFO  ExportHelperExtension.cs: 347 - Creating joint RR_wheel
2026-05-14 22:10:27,570 INFO  ExportHelperExtension.cs: 1397 - Fixing components for base_link
2026-05-14 22:10:27,570 INFO  ExportHelperExtension.cs: 1402 - Fixing 443
2026-05-14 22:10:27,570 INFO  ExportHelperExtension.cs: 1402 - Fixing 423
2026-05-14 22:10:27,570 INFO  ExportHelperExtension.cs: 1402 - Fixing 123
2026-05-14 22:10:27,570 INFO  ExportHelperExtension.cs: 1402 - Fixing 702
2026-05-14 22:10:27,570 INFO  ExportHelperExtension.cs: 1402 - Fixing 762
2026-05-14 22:10:27,570 INFO  ExportHelperExtension.cs: 1402 - Fixing 196
2026-05-14 22:10:27,570 INFO  ExportHelperExtension.cs: 1409 - Component 196 is already fixed
2026-05-14 22:10:27,570 INFO  ExportHelperExtension.cs: 1402 - Fixing 156
2026-05-14 22:10:27,570 INFO  ExportHelperExtension.cs: 1402 - Fixing 178
2026-05-14 22:10:27,570 INFO  ExportHelperExtension.cs: 1402 - Fixing 28
2026-05-14 22:10:27,570 INFO  ExportHelperExtension.cs: 1409 - Component 28 is already fixed
2026-05-14 22:10:27,570 INFO  ExportHelperExtension.cs: 1402 - Fixing 41
2026-05-14 22:10:27,570 INFO  ExportHelperExtension.cs: 1402 - Fixing 162
2026-05-14 22:10:27,570 INFO  ExportHelperExtension.cs: 1402 - Fixing 127
2026-05-14 22:10:27,570 INFO  ExportHelperExtension.cs: 1402 - Fixing 225
2026-05-14 22:10:27,570 INFO  ExportHelperExtension.cs: 1409 - Component 225 is already fixed
2026-05-14 22:10:27,570 INFO  ExportHelperExtension.cs: 1402 - Fixing 213
2026-05-14 22:10:27,570 INFO  ExportHelperExtension.cs: 1402 - Fixing 572
2026-05-14 22:10:27,570 INFO  ExportHelperExtension.cs: 1402 - Fixing 615
2026-05-14 22:10:27,570 INFO  ExportHelperExtension.cs: 1402 - Fixing 269
2026-05-14 22:10:27,570 INFO  ExportHelperExtension.cs: 1402 - Fixing 411
2026-05-14 22:10:27,570 INFO  ExportHelperExtension.cs: 1402 - Fixing 778
2026-05-14 22:10:27,570 INFO  ExportHelperExtension.cs: 1402 - Fixing 703
2026-05-14 22:10:28,731 INFO  : 0 - R1: 1, System.__ComObject, 1, System.Double[]
2026-05-14 22:10:28,736 INFO  ExportHelperExtension.cs: 841 - R2: 0, 0
2026-05-14 22:10:28,736 INFO  ExportHelperExtension.cs: 849 - L1: 0
2026-05-14 22:10:28,736 INFO  ExportHelperExtension.cs: 857 - L2: 0
2026-05-14 22:10:28,740 INFO  ExportHelperExtension.cs: 1352 - Unfixing component 443
2026-05-14 22:10:28,740 INFO  ExportHelperExtension.cs: 1352 - Unfixing component 423
2026-05-14 22:10:28,740 INFO  ExportHelperExtension.cs: 1352 - Unfixing component 123
2026-05-14 22:10:28,740 INFO  ExportHelperExtension.cs: 1352 - Unfixing component 702
2026-05-14 22:10:28,740 INFO  ExportHelperExtension.cs: 1352 - Unfixing component 762
2026-05-14 22:10:28,740 INFO  ExportHelperExtension.cs: 1352 - Unfixing component 156
2026-05-14 22:10:28,740 INFO  ExportHelperExtension.cs: 1352 - Unfixing component 178
2026-05-14 22:10:28,740 INFO  ExportHelperExtension.cs: 1352 - Unfixing component 41
2026-05-14 22:10:28,740 INFO  ExportHelperExtension.cs: 1352 - Unfixing component 162
2026-05-14 22:10:28,740 INFO  ExportHelperExtension.cs: 1352 - Unfixing component 127
2026-05-14 22:10:28,740 INFO  ExportHelperExtension.cs: 1352 - Unfixing component 213
2026-05-14 22:10:28,740 INFO  ExportHelperExtension.cs: 1352 - Unfixing component 572
2026-05-14 22:10:28,740 INFO  ExportHelperExtension.cs: 1352 - Unfixing component 615
2026-05-14 22:10:28,740 INFO  ExportHelperExtension.cs: 1352 - Unfixing component 269
2026-05-14 22:10:28,740 INFO  ExportHelperExtension.cs: 1352 - Unfixing component 411
2026-05-14 22:10:28,745 INFO  ExportHelperExtension.cs: 1352 - Unfixing component 778
2026-05-14 22:10:28,745 INFO  ExportHelperExtension.cs: 1352 - Unfixing component 703
2026-05-14 22:10:29,956 WARN  ExportHelperExtension.cs: 351 - Creating joint from parent base_link to child RR_wheel failed
2026-05-14 22:10:29,961 INFO  ExportHelperExtension.cs: 347 - Creating joint RL_wheel
2026-05-14 22:10:30,086 WARN  ExportHelperExtension.cs: 351 - Creating joint from parent base_link to child RL_wheel failed
2026-05-14 22:10:30,086 INFO  ExportHelperExtension.cs: 347 - Creating joint imu
2026-05-14 22:10:30,086 WARN  ExportHelperExtension.cs: 351 - Creating joint from parent base_link to child imu failed
2026-05-14 22:10:30,092 INFO  ExportHelperExtension.cs: 347 - Creating joint lidar
2026-05-14 22:10:30,092 WARN  ExportHelperExtension.cs: 351 - Creating joint from parent base_link to child lidar failed
2026-05-14 22:10:30,401 INFO  ExportHelperExtension.cs: 347 - Creating joint TFR_wheel
2026-05-14 22:10:30,541 WARN  ExportHelperExtension.cs: 351 - Creating joint from parent base_link to child TFR_wheel failed
2026-05-14 22:10:31,145 INFO  ExportHelperExtension.cs: 347 - Creating joint TFL_wheel
2026-05-14 22:10:31,290 WARN  ExportHelperExtension.cs: 351 - Creating joint from parent base_link to child TFL_wheel failed
2026-05-14 22:10:32,003 INFO  ExportHelperExtension.cs: 1125 - Retrieving features of type [CoordSys] from simplify
2026-05-14 22:10:32,003 INFO  ExportHelperExtension.cs: 1136 - Found 255 in simplify
2026-05-14 22:10:32,003 INFO  ExportHelperExtension.cs: 1145 - Found 10 features of type [CoordSys] in simplify
2026-05-14 22:10:32,020 INFO  ExportHelperExtension.cs: 1148 - Proceeding through assembly components
2026-05-14 22:10:32,035 INFO  ExportHelperExtension.cs: 1160 - 34 components to check
2026-05-14 22:10:32,035 INFO  ExportHelperExtension.cs: 1125 - Retrieving features of type [CoordSys] from imu_stickmock-1
2026-05-14 22:10:32,035 INFO  ExportHelperExtension.cs: 1136 - Found 30 in imu_stickmock-1
2026-05-14 22:10:32,035 INFO  ExportHelperExtension.cs: 1145 - Found 0 features of type [CoordSys] in imu_stickmock-1
2026-05-14 22:10:32,035 INFO  ExportHelperExtension.cs: 1125 - Retrieving features of type [CoordSys] from LEDspuck-1
2026-05-14 22:10:32,035 INFO  ExportHelperExtension.cs: 1136 - Found 52 in LEDspuck-1
2026-05-14 22:10:32,035 INFO  ExportHelperExtension.cs: 1145 - Found 0 features of type [CoordSys] in LEDspuck-1
2026-05-14 22:10:32,035 INFO  ExportHelperExtension.cs: 1125 - Retrieving features of type [CoordSys] from Batteryholder-3
2026-05-14 22:10:32,035 INFO  ExportHelperExtension.cs: 1136 - Found 65 in Batteryholder-3
2026-05-14 22:10:32,035 INFO  ExportHelperExtension.cs: 1145 - Found 0 features of type [CoordSys] in Batteryholder-3
2026-05-14 22:10:32,035 INFO  ExportHelperExtension.cs: 1125 - Retrieving features of type [CoordSys] from nucunderupper-1
2026-05-14 22:10:32,035 INFO  ExportHelperExtension.cs: 1136 - Found 37 in nucunderupper-1
2026-05-14 22:10:32,035 INFO  ExportHelperExtension.cs: 1145 - Found 0 features of type [CoordSys] in nucunderupper-1
2026-05-14 22:10:32,035 INFO  ExportHelperExtension.cs: 1125 - Retrieving features of type [CoordSys] from SupportbaseExtruder-1
2026-05-14 22:10:32,035 INFO  ExportHelperExtension.cs: 1136 - Found 45 in SupportbaseExtruder-1
2026-05-14 22:10:32,035 INFO  ExportHelperExtension.cs: 1145 - Found 0 features of type [CoordSys] in SupportbaseExtruder-1
2026-05-14 22:10:32,035 INFO  ExportHelperExtension.cs: 1125 - Retrieving features of type [CoordSys] from SupportbaseExtruder2-1
2026-05-14 22:10:32,035 INFO  ExportHelperExtension.cs: 1136 - Found 47 in SupportbaseExtruder2-1
2026-05-14 22:10:32,035 INFO  ExportHelperExtension.cs: 1145 - Found 0 features of type [CoordSys] in SupportbaseExtruder2-1
2026-05-14 22:10:32,035 INFO  ExportHelperExtension.cs: 1125 - Retrieving features of type [CoordSys] from nucunderlyer-1
2026-05-14 22:10:32,035 INFO  ExportHelperExtension.cs: 1136 - Found 57 in nucunderlyer-1
2026-05-14 22:10:32,035 INFO  ExportHelperExtension.cs: 1145 - Found 0 features of type [CoordSys] in nucunderlyer-1
2026-05-14 22:10:32,035 INFO  ExportHelperExtension.cs: 1125 - Retrieving features of type [CoordSys] from RPLIDAR C1-1
2026-05-14 22:10:32,035 INFO  ExportHelperExtension.cs: 1136 - Found 124 in RPLIDAR C1-1
2026-05-14 22:10:32,035 INFO  ExportHelperExtension.cs: 1145 - Found 0 features of type [CoordSys] in RPLIDAR C1-1
2026-05-14 22:10:32,035 INFO  ExportHelperExtension.cs: 1125 - Retrieving features of type [CoordSys] from rplidarunderscore-1
2026-05-14 22:10:32,035 INFO  ExportHelperExtension.cs: 1136 - Found 45 in rplidarunderscore-1
2026-05-14 22:10:32,035 INFO  ExportHelperExtension.cs: 1145 - Found 0 features of type [CoordSys] in rplidarunderscore-1
2026-05-14 22:10:32,035 INFO  ExportHelperExtension.cs: 1125 - Retrieving features of type [CoordSys] from Wheel_front-1
2026-05-14 22:10:32,035 INFO  ExportHelperExtension.cs: 1136 - Found 28 in Wheel_front-1
2026-05-14 22:10:32,035 INFO  ExportHelperExtension.cs: 1145 - Found 0 features of type [CoordSys] in Wheel_front-1
2026-05-14 22:10:32,035 INFO  ExportHelperExtension.cs: 1125 - Retrieving features of type [CoordSys] from wheel-8
2026-05-14 22:10:32,035 INFO  ExportHelperExtension.cs: 1136 - Found 33 in wheel-8
2026-05-14 22:10:32,035 INFO  ExportHelperExtension.cs: 1145 - Found 0 features of type [CoordSys] in wheel-8
2026-05-14 22:10:32,035 INFO  ExportHelperExtension.cs: 1125 - Retrieving features of type [CoordSys] from bumper-2
2026-05-14 22:10:32,051 INFO  ExportHelperExtension.cs: 1136 - Found 62 in bumper-2
2026-05-14 22:10:32,051 INFO  ExportHelperExtension.cs: 1145 - Found 0 features of type [CoordSys] in bumper-2
2026-05-14 22:10:32,051 INFO  ExportHelperExtension.cs: 1125 - Retrieving features of type [CoordSys] from Wheel_front-3
2026-05-14 22:10:32,051 INFO  ExportHelperExtension.cs: 1136 - Found 28 in Wheel_front-3
2026-05-14 22:10:32,051 INFO  ExportHelperExtension.cs: 1145 - Found 0 features of type [CoordSys] in Wheel_front-3
2026-05-14 22:10:32,051 INFO  ExportHelperExtension.cs: 1125 - Retrieving features of type [CoordSys] from bumper-3
2026-05-14 22:10:32,051 INFO  ExportHelperExtension.cs: 1136 - Found 62 in bumper-3
2026-05-14 22:10:32,051 INFO  ExportHelperExtension.cs: 1145 - Found 0 features of type [CoordSys] in bumper-3
2026-05-14 22:10:32,051 INFO  ExportHelperExtension.cs: 1125 - Retrieving features of type [CoordSys] from Part2-1
2026-05-14 22:10:32,051 INFO  ExportHelperExtension.cs: 1136 - Found 60 in Part2-1
2026-05-14 22:10:32,051 INFO  ExportHelperExtension.cs: 1145 - Found 0 features of type [CoordSys] in Part2-1
2026-05-14 22:10:32,051 INFO  ExportHelperExtension.cs: 1125 - Retrieving features of type [CoordSys] from Part3-1
2026-05-14 22:10:32,051 INFO  ExportHelperExtension.cs: 1136 - Found 56 in Part3-1
2026-05-14 22:10:32,051 INFO  ExportHelperExtension.cs: 1145 - Found 0 features of type [CoordSys] in Part3-1
2026-05-14 22:10:32,051 INFO  ExportHelperExtension.cs: 1125 - Retrieving features of type [CoordSys] from MainBase-1
2026-05-14 22:10:32,051 INFO  ExportHelperExtension.cs: 1136 - Found 49 in MainBase-1
2026-05-14 22:10:32,051 INFO  ExportHelperExtension.cs: 1145 - Found 0 features of type [CoordSys] in MainBase-1
2026-05-14 22:10:32,051 INFO  ExportHelperExtension.cs: 1125 - Retrieving features of type [CoordSys] from Part4-edit-1
2026-05-14 22:10:32,051 INFO  ExportHelperExtension.cs: 1136 - Found 67 in Part4-edit-1
2026-05-14 22:10:32,051 INFO  ExportHelperExtension.cs: 1145 - Found 0 features of type [CoordSys] in Part4-edit-1
2026-05-14 22:10:32,051 INFO  ExportHelperExtension.cs: 1125 - Retrieving features of type [CoordSys] from SupportBase-1
2026-05-14 22:10:32,051 INFO  ExportHelperExtension.cs: 1136 - Found 52 in SupportBase-1
2026-05-14 22:10:32,051 INFO  ExportHelperExtension.cs: 1145 - Found 0 features of type [CoordSys] in SupportBase-1
2026-05-14 22:10:32,051 INFO  ExportHelperExtension.cs: 1125 - Retrieving features of type [CoordSys] from battery-3
2026-05-14 22:10:32,051 INFO  ExportHelperExtension.cs: 1136 - Found 25 in battery-3
2026-05-14 22:10:32,051 INFO  ExportHelperExtension.cs: 1145 - Found 0 features of type [CoordSys] in battery-3
2026-05-14 22:10:32,051 INFO  ExportHelperExtension.cs: 1125 - Retrieving features of type [CoordSys] from batteryswapper-1
2026-05-14 22:10:32,051 INFO  ExportHelperExtension.cs: 1136 - Found 31 in batteryswapper-1
2026-05-14 22:10:32,051 INFO  ExportHelperExtension.cs: 1145 - Found 0 features of type [CoordSys] in batteryswapper-1
2026-05-14 22:10:32,051 INFO  ExportHelperExtension.cs: 1125 - Retrieving features of type [CoordSys] from Batteryholder-2
2026-05-14 22:10:32,051 INFO  ExportHelperExtension.cs: 1136 - Found 65 in Batteryholder-2
2026-05-14 22:10:32,051 INFO  ExportHelperExtension.cs: 1145 - Found 0 features of type [CoordSys] in Batteryholder-2
2026-05-14 22:10:32,051 INFO  ExportHelperExtension.cs: 1125 - Retrieving features of type [CoordSys] from STM32 Nucleo Case v2-1
2026-05-14 22:10:32,051 INFO  ExportHelperExtension.cs: 1136 - Found 83 in STM32 Nucleo Case v2-1
2026-05-14 22:10:32,051 INFO  ExportHelperExtension.cs: 1145 - Found 0 features of type [CoordSys] in STM32 Nucleo Case v2-1
2026-05-14 22:10:32,051 INFO  ExportHelperExtension.cs: 1125 - Retrieving features of type [CoordSys] from batteryswapper-2
2026-05-14 22:10:32,051 INFO  ExportHelperExtension.cs: 1136 - Found 31 in batteryswapper-2
2026-05-14 22:10:32,051 INFO  ExportHelperExtension.cs: 1145 - Found 0 features of type [CoordSys] in batteryswapper-2
2026-05-14 22:10:32,051 INFO  ExportHelperExtension.cs: 1125 - Retrieving features of type [CoordSys] from battery-4
2026-05-14 22:10:32,051 INFO  ExportHelperExtension.cs: 1136 - Found 25 in battery-4
2026-05-14 22:10:32,051 INFO  ExportHelperExtension.cs: 1145 - Found 0 features of type [CoordSys] in battery-4
2026-05-14 22:10:32,051 INFO  ExportHelperExtension.cs: 1125 - Retrieving features of type [RefAxis] from simplify
2026-05-14 22:10:32,051 INFO  ExportHelperExtension.cs: 1136 - Found 255 in simplify
2026-05-14 22:10:32,051 INFO  ExportHelperExtension.cs: 1145 - Found 10 features of type [RefAxis] in simplify
2026-05-14 22:10:32,051 INFO  ExportHelperExtension.cs: 1148 - Proceeding through assembly components
2026-05-14 22:10:32,051 INFO  ExportHelperExtension.cs: 1160 - 34 components to check
2026-05-14 22:10:32,051 INFO  ExportHelperExtension.cs: 1125 - Retrieving features of type [RefAxis] from imu_stickmock-1
2026-05-14 22:10:32,051 INFO  ExportHelperExtension.cs: 1136 - Found 30 in imu_stickmock-1
2026-05-14 22:10:32,067 INFO  ExportHelperExtension.cs: 1145 - Found 0 features of type [RefAxis] in imu_stickmock-1
2026-05-14 22:10:32,067 INFO  ExportHelperExtension.cs: 1125 - Retrieving features of type [RefAxis] from LEDspuck-1
2026-05-14 22:10:32,067 INFO  ExportHelperExtension.cs: 1136 - Found 52 in LEDspuck-1
2026-05-14 22:10:32,067 INFO  ExportHelperExtension.cs: 1145 - Found 0 features of type [RefAxis] in LEDspuck-1
2026-05-14 22:10:32,067 INFO  ExportHelperExtension.cs: 1125 - Retrieving features of type [RefAxis] from Batteryholder-3
2026-05-14 22:10:32,067 INFO  ExportHelperExtension.cs: 1136 - Found 65 in Batteryholder-3
2026-05-14 22:10:32,067 INFO  ExportHelperExtension.cs: 1145 - Found 0 features of type [RefAxis] in Batteryholder-3
2026-05-14 22:10:32,067 INFO  ExportHelperExtension.cs: 1125 - Retrieving features of type [RefAxis] from nucunderupper-1
2026-05-14 22:10:32,067 INFO  ExportHelperExtension.cs: 1136 - Found 37 in nucunderupper-1
2026-05-14 22:10:32,067 INFO  ExportHelperExtension.cs: 1145 - Found 0 features of type [RefAxis] in nucunderupper-1
2026-05-14 22:10:32,067 INFO  ExportHelperExtension.cs: 1125 - Retrieving features of type [RefAxis] from SupportbaseExtruder-1
2026-05-14 22:10:32,067 INFO  ExportHelperExtension.cs: 1136 - Found 45 in SupportbaseExtruder-1
2026-05-14 22:10:32,067 INFO  ExportHelperExtension.cs: 1145 - Found 0 features of type [RefAxis] in SupportbaseExtruder-1
2026-05-14 22:10:32,067 INFO  ExportHelperExtension.cs: 1125 - Retrieving features of type [RefAxis] from SupportbaseExtruder2-1
2026-05-14 22:10:32,067 INFO  ExportHelperExtension.cs: 1136 - Found 47 in SupportbaseExtruder2-1
2026-05-14 22:10:32,067 INFO  ExportHelperExtension.cs: 1145 - Found 0 features of type [RefAxis] in SupportbaseExtruder2-1
2026-05-14 22:10:32,067 INFO  ExportHelperExtension.cs: 1125 - Retrieving features of type [RefAxis] from nucunderlyer-1
2026-05-14 22:10:32,067 INFO  ExportHelperExtension.cs: 1136 - Found 57 in nucunderlyer-1
2026-05-14 22:10:32,067 INFO  ExportHelperExtension.cs: 1145 - Found 0 features of type [RefAxis] in nucunderlyer-1
2026-05-14 22:10:32,067 INFO  ExportHelperExtension.cs: 1125 - Retrieving features of type [RefAxis] from RPLIDAR C1-1
2026-05-14 22:10:32,067 INFO  ExportHelperExtension.cs: 1136 - Found 124 in RPLIDAR C1-1
2026-05-14 22:10:32,067 INFO  ExportHelperExtension.cs: 1145 - Found 3 features of type [RefAxis] in RPLIDAR C1-1
2026-05-14 22:10:32,067 INFO  ExportHelperExtension.cs: 1125 - Retrieving features of type [RefAxis] from rplidarunderscore-1
2026-05-14 22:10:32,067 INFO  ExportHelperExtension.cs: 1136 - Found 45 in rplidarunderscore-1
2026-05-14 22:10:32,067 INFO  ExportHelperExtension.cs: 1145 - Found 0 features of type [RefAxis] in rplidarunderscore-1
2026-05-14 22:10:32,067 INFO  ExportHelperExtension.cs: 1125 - Retrieving features of type [RefAxis] from Wheel_front-1
2026-05-14 22:10:32,067 INFO  ExportHelperExtension.cs: 1136 - Found 28 in Wheel_front-1
2026-05-14 22:10:32,067 INFO  ExportHelperExtension.cs: 1145 - Found 0 features of type [RefAxis] in Wheel_front-1
2026-05-14 22:10:32,067 INFO  ExportHelperExtension.cs: 1125 - Retrieving features of type [RefAxis] from wheel-8
2026-05-14 22:10:32,083 INFO  ExportHelperExtension.cs: 1136 - Found 33 in wheel-8
2026-05-14 22:10:32,083 INFO  ExportHelperExtension.cs: 1145 - Found 0 features of type [RefAxis] in wheel-8
2026-05-14 22:10:32,083 INFO  ExportHelperExtension.cs: 1125 - Retrieving features of type [RefAxis] from bumper-2
2026-05-14 22:10:32,083 INFO  ExportHelperExtension.cs: 1136 - Found 62 in bumper-2
2026-05-14 22:10:32,083 INFO  ExportHelperExtension.cs: 1145 - Found 0 features of type [RefAxis] in bumper-2
2026-05-14 22:10:32,083 INFO  ExportHelperExtension.cs: 1125 - Retrieving features of type [RefAxis] from Wheel_front-3
2026-05-14 22:10:32,083 INFO  ExportHelperExtension.cs: 1136 - Found 28 in Wheel_front-3
2026-05-14 22:10:32,083 INFO  ExportHelperExtension.cs: 1145 - Found 0 features of type [RefAxis] in Wheel_front-3
2026-05-14 22:10:32,083 INFO  ExportHelperExtension.cs: 1125 - Retrieving features of type [RefAxis] from bumper-3
2026-05-14 22:10:32,083 INFO  ExportHelperExtension.cs: 1136 - Found 62 in bumper-3
2026-05-14 22:10:32,083 INFO  ExportHelperExtension.cs: 1145 - Found 0 features of type [RefAxis] in bumper-3
2026-05-14 22:10:32,083 INFO  ExportHelperExtension.cs: 1125 - Retrieving features of type [RefAxis] from Part2-1
2026-05-14 22:10:32,083 INFO  ExportHelperExtension.cs: 1136 - Found 60 in Part2-1
2026-05-14 22:10:32,083 INFO  ExportHelperExtension.cs: 1145 - Found 0 features of type [RefAxis] in Part2-1
2026-05-14 22:10:32,083 INFO  ExportHelperExtension.cs: 1125 - Retrieving features of type [RefAxis] from Part3-1
2026-05-14 22:10:32,083 INFO  ExportHelperExtension.cs: 1136 - Found 56 in Part3-1
2026-05-14 22:10:32,083 INFO  ExportHelperExtension.cs: 1145 - Found 0 features of type [RefAxis] in Part3-1
2026-05-14 22:10:32,083 INFO  ExportHelperExtension.cs: 1125 - Retrieving features of type [RefAxis] from MainBase-1
2026-05-14 22:10:32,083 INFO  ExportHelperExtension.cs: 1136 - Found 49 in MainBase-1
2026-05-14 22:10:32,083 INFO  ExportHelperExtension.cs: 1145 - Found 0 features of type [RefAxis] in MainBase-1
2026-05-14 22:10:32,083 INFO  ExportHelperExtension.cs: 1125 - Retrieving features of type [RefAxis] from Part4-edit-1
2026-05-14 22:10:32,083 INFO  ExportHelperExtension.cs: 1136 - Found 67 in Part4-edit-1
2026-05-14 22:10:32,083 INFO  ExportHelperExtension.cs: 1145 - Found 0 features of type [RefAxis] in Part4-edit-1
2026-05-14 22:10:32,083 INFO  ExportHelperExtension.cs: 1125 - Retrieving features of type [RefAxis] from SupportBase-1
2026-05-14 22:10:32,083 INFO  ExportHelperExtension.cs: 1136 - Found 52 in SupportBase-1
2026-05-14 22:10:32,083 INFO  ExportHelperExtension.cs: 1145 - Found 0 features of type [RefAxis] in SupportBase-1
2026-05-14 22:10:32,083 INFO  ExportHelperExtension.cs: 1125 - Retrieving features of type [RefAxis] from battery-3
2026-05-14 22:10:32,083 INFO  ExportHelperExtension.cs: 1136 - Found 25 in battery-3
2026-05-14 22:10:32,083 INFO  ExportHelperExtension.cs: 1145 - Found 0 features of type [RefAxis] in battery-3
2026-05-14 22:10:32,083 INFO  ExportHelperExtension.cs: 1125 - Retrieving features of type [RefAxis] from batteryswapper-1
2026-05-14 22:10:32,083 INFO  ExportHelperExtension.cs: 1136 - Found 31 in batteryswapper-1
2026-05-14 22:10:32,083 INFO  ExportHelperExtension.cs: 1145 - Found 0 features of type [RefAxis] in batteryswapper-1
2026-05-14 22:10:32,083 INFO  ExportHelperExtension.cs: 1125 - Retrieving features of type [RefAxis] from Batteryholder-2
2026-05-14 22:10:32,083 INFO  ExportHelperExtension.cs: 1136 - Found 65 in Batteryholder-2
2026-05-14 22:10:32,083 INFO  ExportHelperExtension.cs: 1145 - Found 0 features of type [RefAxis] in Batteryholder-2
2026-05-14 22:10:32,083 INFO  ExportHelperExtension.cs: 1125 - Retrieving features of type [RefAxis] from STM32 Nucleo Case v2-1
2026-05-14 22:10:32,083 INFO  ExportHelperExtension.cs: 1136 - Found 83 in STM32 Nucleo Case v2-1
2026-05-14 22:10:32,083 INFO  ExportHelperExtension.cs: 1145 - Found 0 features of type [RefAxis] in STM32 Nucleo Case v2-1
2026-05-14 22:10:32,083 INFO  ExportHelperExtension.cs: 1125 - Retrieving features of type [RefAxis] from batteryswapper-2
2026-05-14 22:10:32,083 INFO  ExportHelperExtension.cs: 1136 - Found 31 in batteryswapper-2
2026-05-14 22:10:32,083 INFO  ExportHelperExtension.cs: 1145 - Found 0 features of type [RefAxis] in batteryswapper-2
2026-05-14 22:10:32,083 INFO  ExportHelperExtension.cs: 1125 - Retrieving features of type [RefAxis] from battery-4
2026-05-14 22:10:32,083 INFO  ExportHelperExtension.cs: 1136 - Found 25 in battery-4
2026-05-14 22:10:32,083 INFO  ExportHelperExtension.cs: 1145 - Found 0 features of type [RefAxis] in battery-4
2026-05-14 22:10:32,161 INFO  ExportPropertyManager.cs: 1142 - AfterClose called. This method no longer throws an Exception. It just silently does nothing. Ok, except for this logging message
2026-05-14 22:13:34,132 INFO  AssemblyExportForm.cs: 253 - Completing URDF export
2026-05-14 22:13:34,142 INFO  ConfigurationSerialization.cs: 276 - URDF Configuration found
<Link z:Id="i1" xmlns="http://schemas.datacontract.org/2004/07/SW2URDF" xmlns:i="http://www.w3.org/2001/XMLSchema-instance" xmlns:z="http://schemas.microsoft.com/2003/10/Serialization/"><Attributes><Attribute z:Id="i2"><AttributeType>name</AttributeType><IsRequired>true</IsRequired><Value i:type="a:string" xmlns:a="http://www.w3.org/2001/XMLSchema">base_link</Value></Attribute></Attributes><ChildElements><URDFElement z:Id="i3" i:type="Inertial"><Attributes/><ChildElements><URDFElement z:Id="i4" i:type="Origin"><Attributes><Attribute z:Id="i5"><AttributeType>xyz</AttributeType><IsRequired>true</IsRequired><Value i:type="a:ArrayOfdouble" xmlns:a="http://schemas.microsoft.com/2003/10/Serialization/Arrays"><a:double>0</a:double><a:double>0</a:double><a:double>0</a:double></Value></Attribute><Attribute z:Id="i6"><AttributeType>rpy</AttributeType><IsRequired>true</IsRequired><Value i:type="a:ArrayOfdouble" xmlns:a="http://schemas.microsoft.com/2003/10/Serialization/Arrays"><a:double>0</a:double><a:double>0</a:double><a:double>0</a:double></Value></Attribute></Attributes><ChildElements/><ElementName>origin</ElementName><required>false</required><RPYAttribute z:Ref="i6"/><XYZAttribute z:Ref="i5"/><isCustomized>false</isCustomized></URDFElement><URDFElement z:Id="i7" i:type="Mass"><Attributes><Attribute z:Id="i8"><AttributeType>value</AttributeType><IsRequired>true</IsRequired><Value i:type="a:double" xmlns:a="http://www.w3.org/2001/XMLSchema">0</Value></Attribute></Attributes><ChildElements/><ElementName>mass</ElementName><required>false</required><ValueAttribute z:Ref="i8"/></URDFElement><URDFElement z:Id="i9" i:type="Inertia"><Attributes><Attribute z:Id="i10"><AttributeType>ixx</AttributeType><IsRequired>true</IsRequired><Value i:type="a:double" xmlns:a="http://www.w3.org/2001/XMLSchema">0</Value></Attribute><Attribute z:Id="i11"><AttributeType>ixy</AttributeType><IsRequired>true</IsRequired><Value i:type="a:double" xmlns:a="http://www.w3.org/2001/XMLSchema">0</Value></Attribute><Attribute z:Id="i12"><AttributeType>ixz</AttributeType><IsRequired>true</IsRequired><Value i:type="a:double" xmlns:a="http://www.w3.org/2001/XMLSchema">0</Value></Attribute><Attribute z:Id="i13"><AttributeType>iyy</AttributeType><IsRequired>true</IsRequired><Value i:type="a:double" xmlns:a="http://www.w3.org/2001/XMLSchema">0</Value></Attribute><Attribute z:Id="i14"><AttributeType>iyz</AttributeType><IsRequired>true</IsRequired><Value i:type="a:double" xmlns:a="http://www.w3.org/2001/XMLSchema">0</Value></Attribute><Attribute z:Id="i15"><AttributeType>izz</AttributeType><IsRequired>true</IsRequired><Value i:type="a:double" xmlns:a="http://www.w3.org/2001/XMLSchema">0</Value></Attribute></Attributes><ChildElements/><ElementName>inertia</ElementName><required>false</required><IxxAttribute z:Ref="i10"/><IxyAttribute z:Ref="i11"/><IxzAttribute z:Ref="i12"/><IyyAttribute z:Ref="i13"/><IyzAttribute z:Ref="i14"/><IzzAttribute z:Ref="i15"/></URDFElement></ChildElements><ElementName>inertial</ElementName><required>false</required><Inertia z:Ref="i9"/><Mass z:Ref="i7"/><Origin z:Ref="i4"/></URDFElement><URDFElement z:Id="i16" i:type="Visual"><Attributes/><ChildElements><URDFElement z:Id="i17" i:type="Origin"><Attributes><Attribute z:Id="i18"><AttributeType>xyz</AttributeType><IsRequired>true</IsRequired><Value i:type="a:ArrayOfdouble" xmlns:a="http://schemas.microsoft.com/2003/10/Serialization/Arrays"><a:double>0</a:double><a:double>0</a:double><a:double>0</a:double></Value></Attribute><Attribute z:Id="i19"><AttributeType>rpy</AttributeType><IsRequired>true</IsRequired><Value i:type="a:ArrayOfdouble" xmlns:a="http://schemas.microsoft.com/2003/10/Serialization/Arrays"><a:double>0</a:double><a:double>0</a:double><a:double>0</a:double></Value></Attribute></Attributes><ChildElements/><ElementName>origin</ElementName><required>false</required><RPYAttribute z:Ref="i19"/><XYZAttribute z:Ref="i18"/><isCustomized>false</isCustomized></URDFElement><URDFElement z:Id="i20" i:type="Geometry"><Attributes/><ChildElements><URDFElement z:Id="i21" i:type="Mesh"><Attributes><Attribute z:Id="i22"><AttributeType>filename</AttributeType><IsRequired>true</IsRequired><Value i:nil="true"/></Attribute></Attributes><ChildElements/><ElementName>mesh</ElementName><required>false</required><FilenameAttribute z:Ref="i22"/></URDFElement></ChildElements><ElementName>geometry</ElementName><required>true</required><Mesh z:Ref="i21"/></URDFElement><URDFElement z:Id="i23" i:type="Material"><Attributes><Attribute z:Id="i24"><AttributeType>name</AttributeType><IsRequired>true</IsRequired><Value i:type="a:string" xmlns:a="http://www.w3.org/2001/XMLSchema"/></Attribute></Attributes><ChildElements><URDFElement z:Id="i25" i:type="Color"><Attributes><Attribute z:Id="i26"><AttributeType>rgba</AttributeType><IsRequired>true</IsRequired><Value i:type="a:ArrayOfdouble" xmlns:a="http://schemas.microsoft.com/2003/10/Serialization/Arrays"><a:double>1</a:double><a:double>1</a:double><a:double>1</a:double><a:double>1</a:double></Value></Attribute></Attributes><ChildElements/><ElementName>color</ElementName><required>false</required><RGBAAttribute z:Ref="i26"/></URDFElement><URDFElement z:Id="i27" i:type="Texture"><Attributes><Attribute z:Id="i28"><AttributeType>filename</AttributeType><IsRequired>true</IsRequired><Value i:nil="true"/></Attribute></Attributes><ChildElements/><ElementName>texture</ElementName><required>false</required><FilenameAttribute z:Ref="i28"/><wFilename/></URDFElement></ChildElements><ElementName>material</ElementName><required>false</required><Color z:Ref="i25"/><NameAttribute z:Ref="i24"/><Texture z:Ref="i27"/></URDFElement></ChildElements><ElementName>visual</ElementName><required>false</required><Geometry z:Ref="i20"/><Material z:Ref="i23"/><Origin z:Ref="i17"/></URDFElement><URDFElement z:Id="i29" i:type="Collision"><Attributes/><ChildElements><URDFElement z:Id="i30" i:type="Origin"><Attributes><Attribute z:Id="i31"><AttributeType>xyz</AttributeType><IsRequired>true</IsRequired><Value i:type="a:ArrayOfdouble" xmlns:a="http://schemas.microsoft.com/2003/10/Serialization/Arrays"><a:double>0</a:double><a:double>0</a:double><a:double>0</a:double></Value></Attribute><Attribute z:Id="i32"><AttributeType>rpy</AttributeType><IsRequired>true</IsRequired><Value i:type="a:ArrayOfdouble" xmlns:a="http://schemas.microsoft.com/2003/10/Serialization/Arrays"><a:double>0</a:double><a:double>0</a:double><a:double>0</a:double></Value></Attribute></Attributes><ChildElements/><ElementName>origin</ElementName><required>false</required><RPYAttribute z:Ref="i32"/><XYZAttribute z:Ref="i31"/><isCustomized>false</isCustomized></URDFElement><URDFElement z:Id="i33" i:type="Geometry"><Attributes/><ChildElements><URDFElement z:Id="i34" i:type="Mesh"><Attributes><Attribute z:Id="i35"><AttributeType>filename</AttributeType><IsRequired>true</IsRequired><Value i:nil="true"/></Attribute></Attributes><ChildElements/><ElementName>mesh</ElementName><required>false</required><FilenameAttribute z:Ref="i35"/></URDFElement></ChildElements><ElementName>geometry</ElementName><required>true</required><Mesh z:Ref="i34"/></URDFElement></ChildElements><ElementName>collision</ElementName><required>false</required><Geometry z:Ref="i33"/><Origin z:Ref="i30"/></URDFElement><URDFElement z:Id="i36" i:type="Joint"><Attributes><Attribute z:Id="i37"><AttributeType>name</AttributeType><IsRequired>true</IsRequired><Value i:type="a:string" xmlns:a="http://www.w3.org/2001/XMLSchema"/></Attribute><Attribute z:Id="i38"><AttributeType>type</AttributeType><IsRequired>true</IsRequired><Value i:type="a:string" xmlns:a="http://www.w3.org/2001/XMLSchema"/></Attribute></Attributes><ChildElements><URDFElement z:Id="i39" i:type="Origin"><Attributes><Attribute z:Id="i40"><AttributeType>xyz</AttributeType><IsRequired>true</IsRequired><Value i:type="a:ArrayOfdouble" xmlns:a="http://schemas.microsoft.com/2003/10/Serialization/Arrays"><a:double>0</a:double><a:double>0</a:double><a:double>0</a:double></Value></Attribute><Attribute z:Id="i41"><AttributeType>rpy</AttributeType><IsRequired>true</IsRequired><Value i:type="a:ArrayOfdouble" xmlns:a="http://schemas.microsoft.com/2003/10/Serialization/Arrays"><a:double>0</a:double><a:double>0</a:double><a:double>0</a:double></Value></Attribute></Attributes><ChildElements/><ElementName>origin</ElementName><required>false</required><RPYAttribute z:Ref="i41"/><XYZAttribute z:Ref="i40"/><isCustomized>false</isCustomized></URDFElement><URDFElement z:Id="i42" i:type="ParentLink"><Attributes><Attribute z:Id="i43"><AttributeType>link</AttributeType><IsRequired>true</IsRequired><Value i:type="a:string" xmlns:a="http://www.w3.org/2001/XMLSchema"/></Attribute></Attributes><ChildElements/><ElementName>parent</ElementName><required>true</required><NameAttribute z:Ref="i43"/></URDFElement><URDFElement z:Id="i44" i:type="ChildLink"><Attributes><Attribute z:Id="i45"><AttributeType>link</AttributeType><IsRequired>true</IsRequired><Value i:type="a:string" xmlns:a="http://www.w3.org/2001/XMLSchema"/></Attribute></Attributes><ChildElements/><ElementName>child</ElementName><required>true</required><NameAttribute z:Ref="i45"/></URDFElement><URDFElement z:Id="i46" i:type="Axis"><Attributes><Attribute z:Id="i47"><AttributeType>xyz</AttributeType><IsRequired>true</IsRequired><Value i:type="a:ArrayOfdouble" xmlns:a="http://schemas.microsoft.com/2003/10/Serialization/Arrays"><a:double>0</a:double><a:double>0</a:double><a:double>0</a:double></Value></Attribute></Attributes><ChildElements/><ElementName>axis</ElementName><required>false</required><XYZAttribute z:Ref="i47"/></URDFElement><URDFElement z:Id="i48" i:type="Limit"><Attributes><Attribute z:Id="i49"><AttributeType>lower</AttributeType><IsRequired>false</IsRequired><Value i:nil="true"/></Attribute><Attribute z:Id="i50"><AttributeType>upper</AttributeType><IsRequired>false</IsRequired><Value i:nil="true"/></Attribute><Attribute z:Id="i51"><AttributeType>effort</AttributeType><IsRequired>true</IsRequired><Value i:nil="true"/></Attribute><Attribute z:Id="i52"><AttributeType>velocity</AttributeType><IsRequired>true</IsRequired><Value i:nil="true"/></Attribute></Attributes><ChildElements/><ElementName>limit</ElementName><required>false</required><EffortAttribute z:Ref="i51"/><LowerAttribute z:Ref="i49"/><UpperAttribute z:Ref="i50"/><VelocityAttribute z:Ref="i52"/></URDFElement><URDFElement z:Id="i53" i:type="Calibration"><Attributes><Attribute z:Id="i54"><AttributeType>rising</AttributeType><IsRequired>false</IsRequired><Value i:nil="true"/></Attribute><Attribute z:Id="i55"><AttributeType>falling</AttributeType><IsRequired>false</IsRequired><Value i:nil="true"/></Attribute></Attributes><ChildElements/><ElementName>calibration</ElementName><required>false</required><FallingAttribute z:Ref="i55"/><RisingAttribute z:Ref="i54"/></URDFElement><URDFElement z:Id="i56" i:type="Dynamics"><Attributes><Attribute z:Id="i57"><AttributeType>damping</AttributeType><IsRequired>false</IsRequired><Value i:nil="true"/></Attribute><Attribute z:Id="i58"><AttributeType>friction</AttributeType><IsRequired>false</IsRequired><Value i:nil="true"/></Attribute></Attributes><ChildElements/><ElementName>dynamics</ElementName><required>false</required><DampingAttribute z:Ref="i57"/><FrictionAttribute z:Ref="i58"/></URDFElement><URDFElement z:Id="i59" i:type="SafetyController"><Attributes><Attribute z:Id="i60"><AttributeType>soft_upper_limit</AttributeType><IsRequired>false</IsRequired><Value i:nil="true"/></Attribute><Attribute z:Id="i61"><AttributeType>soft_lower_limit</AttributeType><IsRequired>false</IsRequired><Value i:nil="true"/></Attribute><Attribute z:Id="i62"><AttributeType>k_position</AttributeType><IsRequired>false</IsRequired><Value i:nil="true"/></Attribute><Attribute z:Id="i63"><AttributeType>k_velocity</AttributeType><IsRequired>true</IsRequired><Value i:nil="true"/></Attribute></Attributes><ChildElements/><ElementName>safety_controller</ElementName><required>false</required><KPositionAttribute z:Ref="i62"/><KVelocityAttribute z:Ref="i63"/><SoftLowerAttribute z:Ref="i61"/><SoftUpperAttribute z:Ref="i60"/></URDFElement><URDFElement z:Id="i64" i:type="Mimic"><Attributes><Attribute z:Id="i65"><AttributeType>joint</AttributeType><IsRequired>true</IsRequired><Value i:nil="true"/></Attribute><Attribute z:Id="i66"><AttributeType>multiplier</AttributeType><IsRequired>false</IsRequired><Value i:nil="true"/></Attribute><Attribute z:Id="i67"><AttributeType>offset</AttributeType><IsRequired>false</IsRequired><Value i:nil="true"/></Attribute></Attributes><ChildElements/><ElementName>mimic</ElementName><required>false</required><JointNameAttribute z:Ref="i65"/><MultiplierAttribute z:Ref="i66"/><OffsetAttribute z:Ref="i67"/></URDFElement></ChildElements><ElementName>joint</ElementName><required>false</required><Axis z:Ref="i46"/><AxisName/><Calibration z:Ref="i53"/><Child z:Ref="i44"/><CoordinateSystemName>Automatically Generate</CoordinateSystemName><Dynamics z:Ref="i56"/><Limit z:Ref="i48"/><Mimic z:Ref="i64"/><NameAttribute z:Ref="i37"/><Origin z:Ref="i39"/><Parent z:Ref="i42"/><Safety z:Ref="i59"/><TypeAttribute z:Ref="i38"/></URDFElement></ChildElements><ElementName>link</ElementName><required>true</required><Children><Link z:Id="i68"><Attributes><Attribute z:Id="i69"><AttributeType>name</AttributeType><IsRequired>true</IsRequired><Value i:type="a:string" xmlns:a="http://www.w3.org/2001/XMLSchema">FR_wheel</Value></Attribute></Attributes><ChildElements><URDFElement z:Id="i70" i:type="Inertial"><Attributes/><ChildElements><URDFElement z:Id="i71" i:type="Origin"><Attributes><Attribute z:Id="i72"><AttributeType>xyz</AttributeType><IsRequired>true</IsRequired><Value i:type="a:ArrayOfdouble" xmlns:a="http://schemas.microsoft.com/2003/10/Serialization/Arrays"><a:double>0</a:double><a:double>0</a:double><a:double>0</a:double></Value></Attribute><Attribute z:Id="i73"><AttributeType>rpy</AttributeType><IsRequired>true</IsRequired><Value i:type="a:ArrayOfdouble" xmlns:a="http://schemas.microsoft.com/2003/10/Serialization/Arrays"><a:double>0</a:double><a:double>0</a:double><a:double>0</a:double></Value></Attribute></Attributes><ChildElements/><ElementName>origin</ElementName><required>false</required><RPYAttribute z:Ref="i73"/><XYZAttribute z:Ref="i72"/><isCustomized>false</isCustomized></URDFElement><URDFElement z:Id="i74" i:type="Mass"><Attributes><Attribute z:Id="i75"><AttributeType>value</AttributeType><IsRequired>true</IsRequired><Value i:type="a:double" xmlns:a="http://www.w3.org/2001/XMLSchema">0</Value></Attribute></Attributes><ChildElements/><ElementName>mass</ElementName><required>false</required><ValueAttribute z:Ref="i75"/></URDFElement><URDFElement z:Id="i76" i:type="Inertia"><Attributes><Attribute z:Id="i77"><AttributeType>ixx</AttributeType><IsRequired>true</IsRequired><Value i:type="a:double" xmlns:a="http://www.w3.org/2001/XMLSchema">0</Value></Attribute><Attribute z:Id="i78"><AttributeType>ixy</AttributeType><IsRequired>true</IsRequired><Value i:type="a:double" xmlns:a="http://www.w3.org/2001/XMLSchema">0</Value></Attribute><Attribute z:Id="i79"><AttributeType>ixz</AttributeType><IsRequired>true</IsRequired><Value i:type="a:double" xmlns:a="http://www.w3.org/2001/XMLSchema">0</Value></Attribute><Attribute z:Id="i80"><AttributeType>iyy</AttributeType><IsRequired>true</IsRequired><Value i:type="a:double" xmlns:a="http://www.w3.org/2001/XMLSchema">0</Value></Attribute><Attribute z:Id="i81"><AttributeType>iyz</AttributeType><IsRequired>true</IsRequired><Value i:type="a:double" xmlns:a="http://www.w3.org/2001/XMLSchema">0</Value></Attribute><Attribute z:Id="i82"><AttributeType>izz</AttributeType><IsRequired>true</IsRequired><Value i:type="a:double" xmlns:a="http://www.w3.org/2001/XMLSchema">0</Value></Attribute></Attributes><ChildElements/><ElementName>inertia</ElementName><required>false</required><IxxAttribute z:Ref="i77"/><IxyAttribute z:Ref="i78"/><IxzAttribute z:Ref="i79"/><IyyAttribute z:Ref="i80"/><IyzAttribute z:Ref="i81"/><IzzAttribute z:Ref="i82"/></URDFElement></ChildElements><ElementName>inertial</ElementName><required>false</required><Inertia z:Ref="i76"/><Mass z:Ref="i74"/><Origin z:Ref="i71"/></URDFElement><URDFElement z:Id="i83" i:type="Visual"><Attributes/><ChildElements><URDFElement z:Id="i84" i:type="Origin"><Attributes><Attribute z:Id="i85"><AttributeType>xyz</AttributeType><IsRequired>true</IsRequired><Value i:type="a:ArrayOfdouble" xmlns:a="http://schemas.microsoft.com/2003/10/Serialization/Arrays"><a:double>0</a:double><a:double>0</a:double><a:double>0</a:double></Value></Attribute><Attribute z:Id="i86"><AttributeType>rpy</AttributeType><IsRequired>true</IsRequired><Value i:type="a:ArrayOfdouble" xmlns:a="http://schemas.microsoft.com/2003/10/Serialization/Arrays"><a:double>0</a:double><a:double>0</a:double><a:double>0</a:double></Value></Attribute></Attributes><ChildElements/><ElementName>origin</ElementName><required>false</required><RPYAttribute z:Ref="i86"/><XYZAttribute z:Ref="i85"/><isCustomized>false</isCustomized></URDFElement><URDFElement z:Id="i87" i:type="Geometry"><Attributes/><ChildElements><URDFElement z:Id="i88" i:type="Mesh"><Attributes><Attribute z:Id="i89"><AttributeType>filename</AttributeType><IsRequired>true</IsRequired><Value i:nil="true"/></Attribute></Attributes><ChildElements/><ElementName>mesh</ElementName><required>false</required><FilenameAttribute z:Ref="i89"/></URDFElement></ChildElements><ElementName>geometry</ElementName><required>true</required><Mesh z:Ref="i88"/></URDFElement><URDFElement z:Id="i90" i:type="Material"><Attributes><Attribute z:Id="i91"><AttributeType>name</AttributeType><IsRequired>true</IsRequired><Value i:type="a:string" xmlns:a="http://www.w3.org/2001/XMLSchema"/></Attribute></Attributes><ChildElements><URDFElement z:Id="i92" i:type="Color"><Attributes><Attribute z:Id="i93"><AttributeType>rgba</AttributeType><IsRequired>true</IsRequired><Value i:type="a:ArrayOfdouble" xmlns:a="http://schemas.microsoft.com/2003/10/Serialization/Arrays"><a:double>1</a:double><a:double>1</a:double><a:double>1</a:double><a:double>1</a:double></Value></Attribute></Attributes><ChildElements/><ElementName>color</ElementName><required>false</required><RGBAAttribute z:Ref="i93"/></URDFElement><URDFElement z:Id="i94" i:type="Texture"><Attributes><Attribute z:Id="i95"><AttributeType>filename</AttributeType><IsRequired>true</IsRequired><Value i:nil="true"/></Attribute></Attributes><ChildElements/><ElementName>texture</ElementName><required>false</required><FilenameAttribute z:Ref="i95"/><wFilename/></URDFElement></ChildElements><ElementName>material</ElementName><required>false</required><Color z:Ref="i92"/><NameAttribute z:Ref="i91"/><Texture z:Ref="i94"/></URDFElement></ChildElements><ElementName>visual</ElementName><required>false</required><Geometry z:Ref="i87"/><Material z:Ref="i90"/><Origin z:Ref="i84"/></URDFElement><URDFElement z:Id="i96" i:type="Collision"><Attributes/><ChildElements><URDFElement z:Id="i97" i:type="Origin"><Attributes><Attribute z:Id="i98"><AttributeType>xyz</AttributeType><IsRequired>true</IsRequired><Value i:type="a:ArrayOfdouble" xmlns:a="http://schemas.microsoft.com/2003/10/Serialization/Arrays"><a:double>0</a:double><a:double>0</a:double><a:double>0</a:double></Value></Attribute><Attribute z:Id="i99"><AttributeType>rpy</AttributeType><IsRequired>true</IsRequired><Value i:type="a:ArrayOfdouble" xmlns:a="http://schemas.microsoft.com/2003/10/Serialization/Arrays"><a:double>0</a:double><a:double>0</a:double><a:double>0</a:double></Value></Attribute></Attributes><ChildElements/><ElementName>origin</ElementName><required>false</required><RPYAttribute z:Ref="i99"/><XYZAttribute z:Ref="i98"/><isCustomized>false</isCustomized></URDFElement><URDFElement z:Id="i100" i:type="Geometry"><Attributes/><ChildElements><URDFElement z:Id="i101" i:type="Mesh"><Attributes><Attribute z:Id="i102"><AttributeType>filename</AttributeType><IsRequired>true</IsRequired><Value i:nil="true"/></Attribute></Attributes><ChildElements/><ElementName>mesh</ElementName><required>false</required><FilenameAttribute z:Ref="i102"/></URDFElement></ChildElements><ElementName>geometry</ElementName><required>true</required><Mesh z:Ref="i101"/></URDFElement></ChildElements><ElementName>collision</ElementName><required>false</required><Geometry z:Ref="i100"/><Origin z:Ref="i97"/></URDFElement><URDFElement z:Id="i103" i:type="Joint"><Attributes><Attribute z:Id="i104"><AttributeType>name</AttributeType><IsRequired>true</IsRequired><Value i:type="a:string" xmlns:a="http://www.w3.org/2001/XMLSchema">FR_wheel</Value></Attribute><Attribute z:Id="i105"><AttributeType>type</AttributeType><IsRequired>true</IsRequired><Value i:type="a:string" xmlns:a="http://www.w3.org/2001/XMLSchema">continuous</Value></Attribute></Attributes><ChildElements><URDFElement z:Id="i106" i:type="Origin"><Attributes><Attribute z:Id="i107"><AttributeType>xyz</AttributeType><IsRequired>true</IsRequired><Value i:type="a:ArrayOfdouble" xmlns:a="http://schemas.microsoft.com/2003/10/Serialization/Arrays"><a:double>0</a:double><a:double>0</a:double><a:double>0</a:double></Value></Attribute><Attribute z:Id="i108"><AttributeType>rpy</AttributeType><IsRequired>true</IsRequired><Value i:type="a:ArrayOfdouble" xmlns:a="http://schemas.microsoft.com/2003/10/Serialization/Arrays"><a:double>0</a:double><a:double>0</a:double><a:double>0</a:double></Value></Attribute></Attributes><ChildElements/><ElementName>origin</ElementName><required>false</required><RPYAttribute z:Ref="i108"/><XYZAttribute z:Ref="i107"/><isCustomized>false</isCustomized></URDFElement><URDFElement z:Id="i109" i:type="ParentLink"><Attributes><Attribute z:Id="i110"><AttributeType>link</AttributeType><IsRequired>true</IsRequired><Value i:type="a:string" xmlns:a="http://www.w3.org/2001/XMLSchema"/></Attribute></Attributes><ChildElements/><ElementName>parent</ElementName><required>true</required><NameAttribute z:Ref="i110"/></URDFElement><URDFElement z:Id="i111" i:type="ChildLink"><Attributes><Attribute z:Id="i112"><AttributeType>link</AttributeType><IsRequired>true</IsRequired><Value i:type="a:string" xmlns:a="http://www.w3.org/2001/XMLSchema"/></Attribute></Attributes><ChildElements/><ElementName>child</ElementName><required>true</required><NameAttribute z:Ref="i112"/></URDFElement><URDFElement z:Id="i113" i:type="Axis"><Attributes><Attribute z:Id="i114"><AttributeType>xyz</AttributeType><IsRequired>true</IsRequired><Value i:type="a:ArrayOfdouble" xmlns:a="http://schemas.microsoft.com/2003/10/Serialization/Arrays"><a:double>0</a:double><a:double>0</a:double><a:double>0</a:double></Value></Attribute></Attributes><ChildElements/><ElementName>axis</ElementName><required>false</required><XYZAttribute z:Ref="i114"/></URDFElement><URDFElement z:Id="i115" i:type="Limit"><Attributes><Attribute z:Id="i116"><AttributeType>lower</AttributeType><IsRequired>false</IsRequired><Value i:nil="true"/></Attribute><Attribute z:Id="i117"><AttributeType>upper</AttributeType><IsRequired>false</IsRequired><Value i:nil="true"/></Attribute><Attribute z:Id="i118"><AttributeType>effort</AttributeType><IsRequired>true</IsRequired><Value i:nil="true"/></Attribute><Attribute z:Id="i119"><AttributeType>velocity</AttributeType><IsRequired>true</IsRequired><Value i:nil="true"/></Attribute></Attributes><ChildElements/><ElementName>limit</ElementName><required>false</required><EffortAttribute z:Ref="i118"/><LowerAttribute z:Ref="i116"/><UpperAttribute z:Ref="i117"/><VelocityAttribute z:Ref="i119"/></URDFElement><URDFElement z:Id="i120" i:type="Calibration"><Attributes><Attribute z:Id="i121"><AttributeType>rising</AttributeType><IsRequired>false</IsRequired><Value i:nil="true"/></Attribute><Attribute z:Id="i122"><AttributeType>falling</AttributeType><IsRequired>false</IsRequired><Value i:nil="true"/></Attribute></Attributes><ChildElements/><ElementName>calibration</ElementName><required>false</required><FallingAttribute z:Ref="i122"/><RisingAttribute z:Ref="i121"/></URDFElement><URDFElement z:Id="i123" i:type="Dynamics"><Attributes><Attribute z:Id="i124"><AttributeType>damping</AttributeType><IsRequired>false</IsRequired><Value i:nil="true"/></Attribute><Attribute z:Id="i125"><AttributeType>friction</AttributeType><IsRequired>false</IsRequired><Value i:nil="true"/></Attribute></Attributes><ChildElements/><ElementName>dynamics</ElementName><required>false</required><DampingAttribute z:Ref="i124"/><FrictionAttribute z:Ref="i125"/></URDFElement><URDFElement z:Id="i126" i:type="SafetyController"><Attributes><Attribute z:Id="i127"><AttributeType>soft_upper_limit</AttributeType><IsRequired>false</IsRequired><Value i:nil="true"/></Attribute><Attribute z:Id="i128"><AttributeType>soft_lower_limit</AttributeType><IsRequired>false</IsRequired><Value i:nil="true"/></Attribute><Attribute z:Id="i129"><AttributeType>k_position</AttributeType><IsRequired>false</IsRequired><Value i:nil="true"/></Attribute><Attribute z:Id="i130"><AttributeType>k_velocity</AttributeType><IsRequired>true</IsRequired><Value i:nil="true"/></Attribute></Attributes><ChildElements/><ElementName>safety_controller</ElementName><required>false</required><KPositionAttribute z:Ref="i129"/><KVelocityAttribute z:Ref="i130"/><SoftLowerAttribute z:Ref="i128"/><SoftUpperAttribute z:Ref="i127"/></URDFElement><URDFElement z:Id="i131" i:type="Mimic"><Attributes><Attribute z:Id="i132"><AttributeType>joint</AttributeType><IsRequired>true</IsRequired><Value i:nil="true"/></Attribute><Attribute z:Id="i133"><AttributeType>multiplier</AttributeType><IsRequired>false</IsRequired><Value i:nil="true"/></Attribute><Attribute z:Id="i134"><AttributeType>offset</AttributeType><IsRequired>false</IsRequired><Value i:nil="true"/></Attribute></Attributes><ChildElements/><ElementName>mimic</ElementName><required>false</required><JointNameAttribute z:Ref="i132"/><MultiplierAttribute z:Ref="i133"/><OffsetAttribute z:Ref="i134"/></URDFElement></ChildElements><ElementName>joint</ElementName><required>false</required><Axis z:Ref="i113"/><AxisName>WFR_axis</AxisName><Calibration z:Ref="i120"/><Child z:Ref="i111"/><CoordinateSystemName>Rightfront_wheel</CoordinateSystemName><Dynamics z:Ref="i123"/><Limit z:Ref="i115"/><Mimic z:Ref="i131"/><NameAttribute z:Ref="i104"/><Origin z:Ref="i106"/><Parent z:Ref="i109"/><Safety z:Ref="i126"/><TypeAttribute z:Ref="i105"/></URDFElement></ChildElements><ElementName>link</ElementName><required>true</required><Children/><Collision z:Ref="i96"/><Inertial z:Ref="i70"/><Joint z:Ref="i103"/><NameAttribute z:Ref="i69"/><Parent z:Ref="i1"/><STLQualityFine>false</STLQualityFine><SWComponentPIDs xmlns:a="http://schemas.microsoft.com/2003/10/Serialization/Arrays"><a:base64Binary>aEIAAAUAAAD//v8WVwBoAGUAZQBsAF8AZgByAG8AbgB0AC0AMwBAAHMAaQBtAHAAbABpAGYAeQAEAAAAEAAAAAEAAAABAAAADgQAAA==</a:base64Binary></SWComponentPIDs><SWMainComponentPID i:nil="true"/><Visual z:Ref="i83"/><isFixedFrame>false</isFixedFrame><isIncomplete>false</isIncomplete></Link><Link z:Id="i135"><Attributes><Attribute z:Id="i136"><AttributeType>name</AttributeType><IsRequired>true</IsRequired><Value i:type="a:string" xmlns:a="http://www.w3.org/2001/XMLSchema">FL_wheel</Value></Attribute></Attributes><ChildElements><URDFElement z:Id="i137" i:type="Inertial"><Attributes/><ChildElements><URDFElement z:Id="i138" i:type="Origin"><Attributes><Attribute z:Id="i139"><AttributeType>xyz</AttributeType><IsRequired>true</IsRequired><Value i:type="a:ArrayOfdouble" xmlns:a="http://schemas.microsoft.com/2003/10/Serialization/Arrays"><a:double>0</a:double><a:double>0</a:double><a:double>0</a:double></Value></Attribute><Attribute z:Id="i140"><AttributeType>rpy</AttributeType><IsRequired>true</IsRequired><Value i:type="a:ArrayOfdouble" xmlns:a="http://schemas.microsoft.com/2003/10/Serialization/Arrays"><a:double>0</a:double><a:double>0</a:double><a:double>0</a:double></Value></Attribute></Attributes><ChildElements/><ElementName>origin</ElementName><required>false</required><RPYAttribute z:Ref="i140"/><XYZAttribute z:Ref="i139"/><isCustomized>false</isCustomized></URDFElement><URDFElement z:Id="i141" i:type="Mass"><Attributes><Attribute z:Id="i142"><AttributeType>value</AttributeType><IsRequired>true</IsRequired><Value i:type="a:double" xmlns:a="http://www.w3.org/2001/XMLSchema">0</Value></Attribute></Attributes><ChildElements/><ElementName>mass</ElementName><required>false</required><ValueAttribute z:Ref="i142"/></URDFElement><URDFElement z:Id="i143" i:type="Inertia"><Attributes><Attribute z:Id="i144"><AttributeType>ixx</AttributeType><IsRequired>true</IsRequired><Value i:type="a:double" xmlns:a="http://www.w3.org/2001/XMLSchema">0</Value></Attribute><Attribute z:Id="i145"><AttributeType>ixy</AttributeType><IsRequired>true</IsRequired><Value i:type="a:double" xmlns:a="http://www.w3.org/2001/XMLSchema">0</Value></Attribute><Attribute z:Id="i146"><AttributeType>ixz</AttributeType><IsRequired>true</IsRequired><Value i:type="a:double" xmlns:a="http://www.w3.org/2001/XMLSchema">0</Value></Attribute><Attribute z:Id="i147"><AttributeType>iyy</AttributeType><IsRequired>true</IsRequired><Value i:type="a:double" xmlns:a="http://www.w3.org/2001/XMLSchema">0</Value></Attribute><Attribute z:Id="i148"><AttributeType>iyz</AttributeType><IsRequired>true</IsRequired><Value i:type="a:double" xmlns:a="http://www.w3.org/2001/XMLSchema">0</Value></Attribute><Attribute z:Id="i149"><AttributeType>izz</AttributeType><IsRequired>true</IsRequired><Value i:type="a:double" xmlns:a="http://www.w3.org/2001/XMLSchema">0</Value></Attribute></Attributes><ChildElements/><ElementName>inertia</ElementName><required>false</required><IxxAttribute z:Ref="i144"/><IxyAttribute z:Ref="i145"/><IxzAttribute z:Ref="i146"/><IyyAttribute z:Ref="i147"/><IyzAttribute z:Ref="i148"/><IzzAttribute z:Ref="i149"/></URDFElement></ChildElements><ElementName>inertial</ElementName><required>false</required><Inertia z:Ref="i143"/><Mass z:Ref="i141"/><Origin z:Ref="i138"/></URDFElement><URDFElement z:Id="i150" i:type="Visual"><Attributes/><ChildElements><URDFElement z:Id="i151" i:type="Origin"><Attributes><Attribute z:Id="i152"><AttributeType>xyz</AttributeType><IsRequired>true</IsRequired><Value i:type="a:ArrayOfdouble" xmlns:a="http://schemas.microsoft.com/2003/10/Serialization/Arrays"><a:double>0</a:double><a:double>0</a:double><a:double>0</a:double></Value></Attribute><Attribute z:Id="i153"><AttributeType>rpy</AttributeType><IsRequired>true</IsRequired><Value i:type="a:ArrayOfdouble" xmlns:a="http://schemas.microsoft.com/2003/10/Serialization/Arrays"><a:double>0</a:double><a:double>0</a:double><a:double>0</a:double></Value></Attribute></Attributes><ChildElements/><ElementName>origin</ElementName><required>false</required><RPYAttribute z:Ref="i153"/><XYZAttribute z:Ref="i152"/><isCustomized>false</isCustomized></URDFElement><URDFElement z:Id="i154" i:type="Geometry"><Attributes/><ChildElements><URDFElement z:Id="i155" i:type="Mesh"><Attributes><Attribute z:Id="i156"><AttributeType>filename</AttributeType><IsRequired>true</IsRequired><Value i:nil="true"/></Attribute></Attributes><ChildElements/><ElementName>mesh</ElementName><required>false</required><FilenameAttribute z:Ref="i156"/></URDFElement></ChildElements><ElementName>geometry</ElementName><required>true</required><Mesh z:Ref="i155"/></URDFElement><URDFElement z:Id="i157" i:type="Material"><Attributes><Attribute z:Id="i158"><AttributeType>name</AttributeType><IsRequired>true</IsRequired><Value i:type="a:string" xmlns:a="http://www.w3.org/2001/XMLSchema"/></Attribute></Attributes><ChildElements><URDFElement z:Id="i159" i:type="Color"><Attributes><Attribute z:Id="i160"><AttributeType>rgba</AttributeType><IsRequired>true</IsRequired><Value i:type="a:ArrayOfdouble" xmlns:a="http://schemas.microsoft.com/2003/10/Serialization/Arrays"><a:double>1</a:double><a:double>1</a:double><a:double>1</a:double><a:double>1</a:double></Value></Attribute></Attributes><ChildElements/><ElementName>color</ElementName><required>false</required><RGBAAttribute z:Ref="i160"/></URDFElement><URDFElement z:Id="i161" i:type="Texture"><Attributes><Attribute z:Id="i162"><AttributeType>filename</AttributeType><IsRequired>true</IsRequired><Value i:nil="true"/></Attribute></Attributes><ChildElements/><ElementName>texture</ElementName><required>false</required><FilenameAttribute z:Ref="i162"/><wFilename/></URDFElement></ChildElements><ElementName>material</ElementName><required>false</required><Color z:Ref="i159"/><NameAttribute z:Ref="i158"/><Texture z:Ref="i161"/></URDFElement></ChildElements><ElementName>visual</ElementName><required>false</required><Geometry z:Ref="i154"/><Material z:Ref="i157"/><Origin z:Ref="i151"/></URDFElement><URDFElement z:Id="i163" i:type="Collision"><Attributes/><ChildElements><URDFElement z:Id="i164" i:type="Origin"><Attributes><Attribute z:Id="i165"><AttributeType>xyz</AttributeType><IsRequired>true</IsRequired><Value i:type="a:ArrayOfdouble" xmlns:a="http://schemas.microsoft.com/2003/10/Serialization/Arrays"><a:double>0</a:double><a:double>0</a:double><a:double>0</a:double></Value></Attribute><Attribute z:Id="i166"><AttributeType>rpy</AttributeType><IsRequired>true</IsRequired><Value i:type="a:ArrayOfdouble" xmlns:a="http://schemas.microsoft.com/2003/10/Serialization/Arrays"><a:double>0</a:double><a:double>0</a:double><a:double>0</a:double></Value></Attribute></Attributes><ChildElements/><ElementName>origin</ElementName><required>false</required><RPYAttribute z:Ref="i166"/><XYZAttribute z:Ref="i165"/><isCustomized>false</isCustomized></URDFElement><URDFElement z:Id="i167" i:type="Geometry"><Attributes/><ChildElements><URDFElement z:Id="i168" i:type="Mesh"><Attributes><Attribute z:Id="i169"><AttributeType>filename</AttributeType><IsRequired>true</IsRequired><Value i:nil="true"/></Attribute></Attributes><ChildElements/><ElementName>mesh</ElementName><required>false</required><FilenameAttribute z:Ref="i169"/></URDFElement></ChildElements><ElementName>geometry</ElementName><required>true</required><Mesh z:Ref="i168"/></URDFElement></ChildElements><ElementName>collision</ElementName><required>false</required><Geometry z:Ref="i167"/><Origin z:Ref="i164"/></URDFElement><URDFElement z:Id="i170" i:type="Joint"><Attributes><Attribute z:Id="i171"><AttributeType>name</AttributeType><IsRequired>true</IsRequired><Value i:type="a:string" xmlns:a="http://www.w3.org/2001/XMLSchema">FL_wheel</Value></Attribute><Attribute z:Id="i172"><AttributeType>type</AttributeType><IsRequired>true</IsRequired><Value i:type="a:string" xmlns:a="http://www.w3.org/2001/XMLSchema">continuous</Value></Attribute></Attributes><ChildElements><URDFElement z:Id="i173" i:type="Origin"><Attributes><Attribute z:Id="i174"><AttributeType>xyz</AttributeType><IsRequired>true</IsRequired><Value i:type="a:ArrayOfdouble" xmlns:a="http://schemas.microsoft.com/2003/10/Serialization/Arrays"><a:double>0</a:double><a:double>0</a:double><a:double>0</a:double></Value></Attribute><Attribute z:Id="i175"><AttributeType>rpy</AttributeType><IsRequired>true</IsRequired><Value i:type="a:ArrayOfdouble" xmlns:a="http://schemas.microsoft.com/2003/10/Serialization/Arrays"><a:double>0</a:double><a:double>0</a:double><a:double>0</a:double></Value></Attribute></Attributes><ChildElements/><ElementName>origin</ElementName><required>false</required><RPYAttribute z:Ref="i175"/><XYZAttribute z:Ref="i174"/><isCustomized>false</isCustomized></URDFElement><URDFElement z:Id="i176" i:type="ParentLink"><Attributes><Attribute z:Id="i177"><AttributeType>link</AttributeType><IsRequired>true</IsRequired><Value i:type="a:string" xmlns:a="http://www.w3.org/2001/XMLSchema"/></Attribute></Attributes><ChildElements/><ElementName>parent</ElementName><required>true</required><NameAttribute z:Ref="i177"/></URDFElement><URDFElement z:Id="i178" i:type="ChildLink"><Attributes><Attribute z:Id="i179"><AttributeType>link</AttributeType><IsRequired>true</IsRequired><Value i:type="a:string" xmlns:a="http://www.w3.org/2001/XMLSchema"/></Attribute></Attributes><ChildElements/><ElementName>child</ElementName><required>true</required><NameAttribute z:Ref="i179"/></URDFElement><URDFElement z:Id="i180" i:type="Axis"><Attributes><Attribute z:Id="i181"><AttributeType>xyz</AttributeType><IsRequired>true</IsRequired><Value i:type="a:ArrayOfdouble" xmlns:a="http://schemas.microsoft.com/2003/10/Serialization/Arrays"><a:double>0</a:double><a:double>0</a:double><a:double>0</a:double></Value></Attribute></Attributes><ChildElements/><ElementName>axis</ElementName><required>false</required><XYZAttribute z:Ref="i181"/></URDFElement><URDFElement z:Id="i182" i:type="Limit"><Attributes><Attribute z:Id="i183"><AttributeType>lower</AttributeType><IsRequired>false</IsRequired><Value i:nil="true"/></Attribute><Attribute z:Id="i184"><AttributeType>upper</AttributeType><IsRequired>false</IsRequired><Value i:nil="true"/></Attribute><Attribute z:Id="i185"><AttributeType>effort</AttributeType><IsRequired>true</IsRequired><Value i:nil="true"/></Attribute><Attribute z:Id="i186"><AttributeType>velocity</AttributeType><IsRequired>true</IsRequired><Value i:nil="true"/></Attribute></Attributes><ChildElements/><ElementName>limit</ElementName><required>false</required><EffortAttribute z:Ref="i185"/><LowerAttribute z:Ref="i183"/><UpperAttribute z:Ref="i184"/><VelocityAttribute z:Ref="i186"/></URDFElement><URDFElement z:Id="i187" i:type="Calibration"><Attributes><Attribute z:Id="i188"><AttributeType>rising</AttributeType><IsRequired>false</IsRequired><Value i:nil="true"/></Attribute><Attribute z:Id="i189"><AttributeType>falling</AttributeType><IsRequired>false</IsRequired><Value i:nil="true"/></Attribute></Attributes><ChildElements/><ElementName>calibration</ElementName><required>false</required><FallingAttribute z:Ref="i189"/><RisingAttribute z:Ref="i188"/></URDFElement><URDFElement z:Id="i190" i:type="Dynamics"><Attributes><Attribute z:Id="i191"><AttributeType>damping</AttributeType><IsRequired>false</IsRequired><Value i:nil="true"/></Attribute><Attribute z:Id="i192"><AttributeType>friction</AttributeType><IsRequired>false</IsRequired><Value i:nil="true"/></Attribute></Attributes><ChildElements/><ElementName>dynamics</ElementName><required>false</required><DampingAttribute z:Ref="i191"/><FrictionAttribute z:Ref="i192"/></URDFElement><URDFElement z:Id="i193" i:type="SafetyController"><Attributes><Attribute z:Id="i194"><AttributeType>soft_upper_limit</AttributeType><IsRequired>false</IsRequired><Value i:nil="true"/></Attribute><Attribute z:Id="i195"><AttributeType>soft_lower_limit</AttributeType><IsRequired>false</IsRequired><Value i:nil="true"/></Attribute><Attribute z:Id="i196"><AttributeType>k_position</AttributeType><IsRequired>false</IsRequired><Value i:nil="true"/></Attribute><Attribute z:Id="i197"><AttributeType>k_velocity</AttributeType><IsRequired>true</IsRequired><Value i:nil="true"/></Attribute></Attributes><ChildElements/><ElementName>safety_controller</ElementName><required>false</required><KPositionAttribute z:Ref="i196"/><KVelocityAttribute z:Ref="i197"/><SoftLowerAttribute z:Ref="i195"/><SoftUpperAttribute z:Ref="i194"/></URDFElement><URDFElement z:Id="i198" i:type="Mimic"><Attributes><Attribute z:Id="i199"><AttributeType>joint</AttributeType><IsRequired>true</IsRequired><Value i:nil="true"/></Attribute><Attribute z:Id="i200"><AttributeType>multiplier</AttributeType><IsRequired>false</IsRequired><Value i:nil="true"/></Attribute><Attribute z:Id="i201"><AttributeType>offset</AttributeType><IsRequired>false</IsRequired><Value i:nil="true"/></Attribute></Attributes><ChildElements/><ElementName>mimic</ElementName><required>false</required><JointNameAttribute z:Ref="i199"/><MultiplierAttribute z:Ref="i200"/><OffsetAttribute z:Ref="i201"/></URDFElement></ChildElements><ElementName>joint</ElementName><required>false</required><Axis z:Ref="i180"/><AxisName>WFL_axis</AxisName><Calibration z:Ref="i187"/><Child z:Ref="i178"/><CoordinateSystemName>Leftfront_wheel</CoordinateSystemName><Dynamics z:Ref="i190"/><Limit z:Ref="i182"/><Mimic z:Ref="i198"/><NameAttribute z:Ref="i171"/><Origin z:Ref="i173"/><Parent z:Ref="i176"/><Safety z:Ref="i193"/><TypeAttribute z:Ref="i172"/></URDFElement></ChildElements><ElementName>link</ElementName><required>true</required><Children/><Collision z:Ref="i163"/><Inertial z:Ref="i137"/><Joint z:Ref="i170"/><NameAttribute z:Ref="i136"/><Parent z:Ref="i1"/><STLQualityFine>false</STLQualityFine><SWComponentPIDs xmlns:a="http://schemas.microsoft.com/2003/10/Serialization/Arrays"><a:base64Binary>aEIAAAUAAAD//v8WVwBoAGUAZQBsAF8AZgByAG8AbgB0AC0AMQBAAHMAaQBtAHAAbABpAGYAeQAEAAAAEAAAAAEAAAABAAAAiwMAAA==</a:base64Binary></SWComponentPIDs><SWMainComponentPID i:nil="true"/><Visual z:Ref="i150"/><isFixedFrame>false</isFixedFrame><isIncomplete>false</isIncomplete></Link><Link z:Id="i202"><Attributes><Attribute z:Id="i203"><AttributeType>name</AttributeType><IsRequired>true</IsRequired><Value i:type="a:string" xmlns:a="http://www.w3.org/2001/XMLSchema">RR_wheel</Value></Attribute></Attributes><ChildElements><URDFElement z:Id="i204" i:type="Inertial"><Attributes/><ChildElements><URDFElement z:Id="i205" i:type="Origin"><Attributes><Attribute z:Id="i206"><AttributeType>xyz</AttributeType><IsRequired>true</IsRequired><Value i:type="a:ArrayOfdouble" xmlns:a="http://schemas.microsoft.com/2003/10/Serialization/Arrays"><a:double>0</a:double><a:double>0</a:double><a:double>0</a:double></Value></Attribute><Attribute z:Id="i207"><AttributeType>rpy</AttributeType><IsRequired>true</IsRequired><Value i:type="a:ArrayOfdouble" xmlns:a="http://schemas.microsoft.com/2003/10/Serialization/Arrays"><a:double>0</a:double><a:double>0</a:double><a:double>0</a:double></Value></Attribute></Attributes><ChildElements/><ElementName>origin</ElementName><required>false</required><RPYAttribute z:Ref="i207"/><XYZAttribute z:Ref="i206"/><isCustomized>false</isCustomized></URDFElement><URDFElement z:Id="i208" i:type="Mass"><Attributes><Attribute z:Id="i209"><AttributeType>value</AttributeType><IsRequired>true</IsRequired><Value i:type="a:double" xmlns:a="http://www.w3.org/2001/XMLSchema">0</Value></Attribute></Attributes><ChildElements/><ElementName>mass</ElementName><required>false</required><ValueAttribute z:Ref="i209"/></URDFElement><URDFElement z:Id="i210" i:type="Inertia"><Attributes><Attribute z:Id="i211"><AttributeType>ixx</AttributeType><IsRequired>true</IsRequired><Value i:type="a:double" xmlns:a="http://www.w3.org/2001/XMLSchema">0</Value></Attribute><Attribute z:Id="i212"><AttributeType>ixy</AttributeType><IsRequired>true</IsRequired><Value i:type="a:double" xmlns:a="http://www.w3.org/2001/XMLSchema">0</Value></Attribute><Attribute z:Id="i213"><AttributeType>ixz</AttributeType><IsRequired>true</IsRequired><Value i:type="a:double" xmlns:a="http://www.w3.org/2001/XMLSchema">0</Value></Attribute><Attribute z:Id="i214"><AttributeType>iyy</AttributeType><IsRequired>true</IsRequired><Value i:type="a:double" xmlns:a="http://www.w3.org/2001/XMLSchema">0</Value></Attribute><Attribute z:Id="i215"><AttributeType>iyz</AttributeType><IsRequired>true</IsRequired><Value i:type="a:double" xmlns:a="http://www.w3.org/2001/XMLSchema">0</Value></Attribute><Attribute z:Id="i216"><AttributeType>izz</AttributeType><IsRequired>true</IsRequired><Value i:type="a:double" xmlns:a="http://www.w3.org/2001/XMLSchema">0</Value></Attribute></Attributes><ChildElements/><ElementName>inertia</ElementName><required>false</required><IxxAttribute z:Ref="i211"/><IxyAttribute z:Ref="i212"/><IxzAttribute z:Ref="i213"/><IyyAttribute z:Ref="i214"/><IyzAttribute z:Ref="i215"/><IzzAttribute z:Ref="i216"/></URDFElement></ChildElements><ElementName>inertial</ElementName><required>false</required><Inertia z:Ref="i210"/><Mass z:Ref="i208"/><Origin z:Ref="i205"/></URDFElement><URDFElement z:Id="i217" i:type="Visual"><Attributes/><ChildElements><URDFElement z:Id="i218" i:type="Origin"><Attributes><Attribute z:Id="i219"><AttributeType>xyz</AttributeType><IsRequired>true</IsRequired><Value i:type="a:ArrayOfdouble" xmlns:a="http://schemas.microsoft.com/2003/10/Serialization/Arrays"><a:double>0</a:double><a:double>0</a:double><a:double>0</a:double></Value></Attribute><Attribute z:Id="i220"><AttributeType>rpy</AttributeType><IsRequired>true</IsRequired><Value i:type="a:ArrayOfdouble" xmlns:a="http://schemas.microsoft.com/2003/10/Serialization/Arrays"><a:double>0</a:double><a:double>0</a:double><a:double>0</a:double></Value></Attribute></Attributes><ChildElements/><ElementName>origin</ElementName><required>false</required><RPYAttribute z:Ref="i220"/><XYZAttribute z:Ref="i219"/><isCustomized>false</isCustomized></URDFElement><URDFElement z:Id="i221" i:type="Geometry"><Attributes/><ChildElements><URDFElement z:Id="i222" i:type="Mesh"><Attributes><Attribute z:Id="i223"><AttributeType>filename</AttributeType><IsRequired>true</IsRequired><Value i:nil="true"/></Attribute></Attributes><ChildElements/><ElementName>mesh</ElementName><required>false</required><FilenameAttribute z:Ref="i223"/></URDFElement></ChildElements><ElementName>geometry</ElementName><required>true</required><Mesh z:Ref="i222"/></URDFElement><URDFElement z:Id="i224" i:type="Material"><Attributes><Attribute z:Id="i225"><AttributeType>name</AttributeType><IsRequired>true</IsRequired><Value i:type="a:string" xmlns:a="http://www.w3.org/2001/XMLSchema"/></Attribute></Attributes><ChildElements><URDFElement z:Id="i226" i:type="Color"><Attributes><Attribute z:Id="i227"><AttributeType>rgba</AttributeType><IsRequired>true</IsRequired><Value i:type="a:ArrayOfdouble" xmlns:a="http://schemas.microsoft.com/2003/10/Serialization/Arrays"><a:double>1</a:double><a:double>1</a:double><a:double>1</a:double><a:double>1</a:double></Value></Attribute></Attributes><ChildElements/><ElementName>color</ElementName><required>false</required><RGBAAttribute z:Ref="i227"/></URDFElement><URDFElement z:Id="i228" i:type="Texture"><Attributes><Attribute z:Id="i229"><AttributeType>filename</AttributeType><IsRequired>true</IsRequired><Value i:nil="true"/></Attribute></Attributes><ChildElements/><ElementName>texture</ElementName><required>false</required><FilenameAttribute z:Ref="i229"/><wFilename/></URDFElement></ChildElements><ElementName>material</ElementName><required>false</required><Color z:Ref="i226"/><NameAttribute z:Ref="i225"/><Texture z:Ref="i228"/></URDFElement></ChildElements><ElementName>visual</ElementName><required>false</required><Geometry z:Ref="i221"/><Material z:Ref="i224"/><Origin z:Ref="i218"/></URDFElement><URDFElement z:Id="i230" i:type="Collision"><Attributes/><ChildElements><URDFElement z:Id="i231" i:type="Origin"><Attributes><Attribute z:Id="i232"><AttributeType>xyz</AttributeType><IsRequired>true</IsRequired><Value i:type="a:ArrayOfdouble" xmlns:a="http://schemas.microsoft.com/2003/10/Serialization/Arrays"><a:double>0</a:double><a:double>0</a:double><a:double>0</a:double></Value></Attribute><Attribute z:Id="i233"><AttributeType>rpy</AttributeType><IsRequired>true</IsRequired><Value i:type="a:ArrayOfdouble" xmlns:a="http://schemas.microsoft.com/2003/10/Serialization/Arrays"><a:double>0</a:double><a:double>0</a:double><a:double>0</a:double></Value></Attribute></Attributes><ChildElements/><ElementName>origin</ElementName><required>false</required><RPYAttribute z:Ref="i233"/><XYZAttribute z:Ref="i232"/><isCustomized>false</isCustomized></URDFElement><URDFElement z:Id="i234" i:type="Geometry"><Attributes/><ChildElements><URDFElement z:Id="i235" i:type="Mesh"><Attributes><Attribute z:Id="i236"><AttributeType>filename</AttributeType><IsRequired>true</IsRequired><Value i:nil="true"/></Attribute></Attributes><ChildElements/><ElementName>mesh</ElementName><required>false</required><FilenameAttribute z:Ref="i236"/></URDFElement></ChildElements><ElementName>geometry</ElementName><required>true</required><Mesh z:Ref="i235"/></URDFElement></ChildElements><ElementName>collision</ElementName><required>false</required><Geometry z:Ref="i234"/><Origin z:Ref="i231"/></URDFElement><URDFElement z:Id="i237" i:type="Joint"><Attributes><Attribute z:Id="i238"><AttributeType>name</AttributeType><IsRequired>true</IsRequired><Value i:type="a:string" xmlns:a="http://www.w3.org/2001/XMLSchema">RR_wheel</Value></Attribute><Attribute z:Id="i239"><AttributeType>type</AttributeType><IsRequired>true</IsRequired><Value i:type="a:string" xmlns:a="http://www.w3.org/2001/XMLSchema">Automatically Detect</Value></Attribute></Attributes><ChildElements><URDFElement z:Id="i240" i:type="Origin"><Attributes><Attribute z:Id="i241"><AttributeType>xyz</AttributeType><IsRequired>true</IsRequired><Value i:type="a:ArrayOfdouble" xmlns:a="http://schemas.microsoft.com/2003/10/Serialization/Arrays"><a:double>0</a:double><a:double>0</a:double><a:double>0</a:double></Value></Attribute><Attribute z:Id="i242"><AttributeType>rpy</AttributeType><IsRequired>true</IsRequired><Value i:type="a:ArrayOfdouble" xmlns:a="http://schemas.microsoft.com/2003/10/Serialization/Arrays"><a:double>0</a:double><a:double>0</a:double><a:double>0</a:double></Value></Attribute></Attributes><ChildElements/><ElementName>origin</ElementName><required>false</required><RPYAttribute z:Ref="i242"/><XYZAttribute z:Ref="i241"/><isCustomized>false</isCustomized></URDFElement><URDFElement z:Id="i243" i:type="ParentLink"><Attributes><Attribute z:Id="i244"><AttributeType>link</AttributeType><IsRequired>true</IsRequired><Value i:type="a:string" xmlns:a="http://www.w3.org/2001/XMLSchema"/></Attribute></Attributes><ChildElements/><ElementName>parent</ElementName><required>true</required><NameAttribute z:Ref="i244"/></URDFElement><URDFElement z:Id="i245" i:type="ChildLink"><Attributes><Attribute z:Id="i246"><AttributeType>link</AttributeType><IsRequired>true</IsRequired><Value i:type="a:string" xmlns:a="http://www.w3.org/2001/XMLSchema"/></Attribute></Attributes><ChildElements/><ElementName>child</ElementName><required>true</required><NameAttribute z:Ref="i246"/></URDFElement><URDFElement z:Id="i247" i:type="Axis"><Attributes><Attribute z:Id="i248"><AttributeType>xyz</AttributeType><IsRequired>true</IsRequired><Value i:type="a:ArrayOfdouble" xmlns:a="http://schemas.microsoft.com/2003/10/Serialization/Arrays"><a:double>0</a:double><a:double>0</a:double><a:double>0</a:double></Value></Attribute></Attributes><ChildElements/><ElementName>axis</ElementName><required>false</required><XYZAttribute z:Ref="i248"/></URDFElement><URDFElement z:Id="i249" i:type="Limit"><Attributes><Attribute z:Id="i250"><AttributeType>lower</AttributeType><IsRequired>false</IsRequired><Value i:nil="true"/></Attribute><Attribute z:Id="i251"><AttributeType>upper</AttributeType><IsRequired>false</IsRequired><Value i:nil="true"/></Attribute><Attribute z:Id="i252"><AttributeType>effort</AttributeType><IsRequired>true</IsRequired><Value i:nil="true"/></Attribute><Attribute z:Id="i253"><AttributeType>velocity</AttributeType><IsRequired>true</IsRequired><Value i:nil="true"/></Attribute></Attributes><ChildElements/><ElementName>limit</ElementName><required>false</required><EffortAttribute z:Ref="i252"/><LowerAttribute z:Ref="i250"/><UpperAttribute z:Ref="i251"/><VelocityAttribute z:Ref="i253"/></URDFElement><URDFElement z:Id="i254" i:type="Calibration"><Attributes><Attribute z:Id="i255"><AttributeType>rising</AttributeType><IsRequired>false</IsRequired><Value i:nil="true"/></Attribute><Attribute z:Id="i256"><AttributeType>falling</AttributeType><IsRequired>false</IsRequired><Value i:nil="true"/></Attribute></Attributes><ChildElements/><ElementName>calibration</ElementName><required>false</required><FallingAttribute z:Ref="i256"/><RisingAttribute z:Ref="i255"/></URDFElement><URDFElement z:Id="i257" i:type="Dynamics"><Attributes><Attribute z:Id="i258"><AttributeType>damping</AttributeType><IsRequired>false</IsRequired><Value i:nil="true"/></Attribute><Attribute z:Id="i259"><AttributeType>friction</AttributeType><IsRequired>false</IsRequired><Value i:nil="true"/></Attribute></Attributes><ChildElements/><ElementName>dynamics</ElementName><required>false</required><DampingAttribute z:Ref="i258"/><FrictionAttribute z:Ref="i259"/></URDFElement><URDFElement z:Id="i260" i:type="SafetyController"><Attributes><Attribute z:Id="i261"><AttributeType>soft_upper_limit</AttributeType><IsRequired>false</IsRequired><Value i:nil="true"/></Attribute><Attribute z:Id="i262"><AttributeType>soft_lower_limit</AttributeType><IsRequired>false</IsRequired><Value i:nil="true"/></Attribute><Attribute z:Id="i263"><AttributeType>k_position</AttributeType><IsRequired>false</IsRequired><Value i:nil="true"/></Attribute><Attribute z:Id="i264"><AttributeType>k_velocity</AttributeType><IsRequired>true</IsRequired><Value i:nil="true"/></Attribute></Attributes><ChildElements/><ElementName>safety_controller</ElementName><required>false</required><KPositionAttribute z:Ref="i263"/><KVelocityAttribute z:Ref="i264"/><SoftLowerAttribute z:Ref="i262"/><SoftUpperAttribute z:Ref="i261"/></URDFElement><URDFElement z:Id="i265" i:type="Mimic"><Attributes><Attribute z:Id="i266"><AttributeType>joint</AttributeType><IsRequired>true</IsRequired><Value i:nil="true"/></Attribute><Attribute z:Id="i267"><AttributeType>multiplier</AttributeType><IsRequired>false</IsRequired><Value i:nil="true"/></Attribute><Attribute z:Id="i268"><AttributeType>offset</AttributeType><IsRequired>false</IsRequired><Value i:nil="true"/></Attribute></Attributes><ChildElements/><ElementName>mimic</ElementName><required>false</required><JointNameAttribute z:Ref="i266"/><MultiplierAttribute z:Ref="i267"/><OffsetAttribute z:Ref="i268"/></URDFElement></ChildElements><ElementName>joint</ElementName><required>false</required><Axis z:Ref="i247"/><AxisName>Axis9</AxisName><Calibration z:Ref="i254"/><Child z:Ref="i245"/><CoordinateSystemName>Rightback_wheel</CoordinateSystemName><Dynamics z:Ref="i257"/><Limit z:Ref="i249"/><Mimic z:Ref="i265"/><NameAttribute z:Ref="i238"/><Origin z:Ref="i240"/><Parent z:Ref="i243"/><Safety z:Ref="i260"/><TypeAttribute z:Ref="i239"/></URDFElement></ChildElements><ElementName>link</ElementName><required>true</required><Children/><Collision z:Ref="i230"/><Inertial z:Ref="i204"/><Joint z:Ref="i237"/><NameAttribute z:Ref="i203"/><Parent z:Ref="i1"/><STLQualityFine>false</STLQualityFine><SWComponentPIDs xmlns:a="http://schemas.microsoft.com/2003/10/Serialization/Arrays"><a:base64Binary>aEIAAAUAAAD//v8QdwBoAGUAZQBsAC0AOABAAHMAaQBtAHAAbABpAGYAeQAEAAAAEAAAAAEAAAABAAAAigMAAA==</a:base64Binary></SWComponentPIDs><SWMainComponentPID i:nil="true"/><Visual z:Ref="i217"/><isFixedFrame>false</isFixedFrame><isIncomplete>false</isIncomplete></Link><Link z:Id="i269"><Attributes><Attribute z:Id="i270"><AttributeType>name</AttributeType><IsRequired>true</IsRequired><Value i:type="a:string" xmlns:a="http://www.w3.org/2001/XMLSchema">RL_wheel</Value></Attribute></Attributes><ChildElements><URDFElement z:Id="i271" i:type="Inertial"><Attributes/><ChildElements><URDFElement z:Id="i272" i:type="Origin"><Attributes><Attribute z:Id="i273"><AttributeType>xyz</AttributeType><IsRequired>true</IsRequired><Value i:type="a:ArrayOfdouble" xmlns:a="http://schemas.microsoft.com/2003/10/Serialization/Arrays"><a:double>0</a:double><a:double>0</a:double><a:double>0</a:double></Value></Attribute><Attribute z:Id="i274"><AttributeType>rpy</AttributeType><IsRequired>true</IsRequired><Value i:type="a:ArrayOfdouble" xmlns:a="http://schemas.microsoft.com/2003/10/Serialization/Arrays"><a:double>0</a:double><a:double>0</a:double><a:double>0</a:double></Value></Attribute></Attributes><ChildElements/><ElementName>origin</ElementName><required>false</required><RPYAttribute z:Ref="i274"/><XYZAttribute z:Ref="i273"/><isCustomized>false</isCustomized></URDFElement><URDFElement z:Id="i275" i:type="Mass"><Attributes><Attribute z:Id="i276"><AttributeType>value</AttributeType><IsRequired>true</IsRequired><Value i:type="a:double" xmlns:a="http://www.w3.org/2001/XMLSchema">0</Value></Attribute></Attributes><ChildElements/><ElementName>mass</ElementName><required>false</required><ValueAttribute z:Ref="i276"/></URDFElement><URDFElement z:Id="i277" i:type="Inertia"><Attributes><Attribute z:Id="i278"><AttributeType>ixx</AttributeType><IsRequired>true</IsRequired><Value i:type="a:double" xmlns:a="http://www.w3.org/2001/XMLSchema">0</Value></Attribute><Attribute z:Id="i279"><AttributeType>ixy</AttributeType><IsRequired>true</IsRequired><Value i:type="a:double" xmlns:a="http://www.w3.org/2001/XMLSchema">0</Value></Attribute><Attribute z:Id="i280"><AttributeType>ixz</AttributeType><IsRequired>true</IsRequired><Value i:type="a:double" xmlns:a="http://www.w3.org/2001/XMLSchema">0</Value></Attribute><Attribute z:Id="i281"><AttributeType>iyy</AttributeType><IsRequired>true</IsRequired><Value i:type="a:double" xmlns:a="http://www.w3.org/2001/XMLSchema">0</Value></Attribute><Attribute z:Id="i282"><AttributeType>iyz</AttributeType><IsRequired>true</IsRequired><Value i:type="a:double" xmlns:a="http://www.w3.org/2001/XMLSchema">0</Value></Attribute><Attribute z:Id="i283"><AttributeType>izz</AttributeType><IsRequired>true</IsRequired><Value i:type="a:double" xmlns:a="http://www.w3.org/2001/XMLSchema">0</Value></Attribute></Attributes><ChildElements/><ElementName>inertia</ElementName><required>false</required><IxxAttribute z:Ref="i278"/><IxyAttribute z:Ref="i279"/><IxzAttribute z:Ref="i280"/><IyyAttribute z:Ref="i281"/><IyzAttribute z:Ref="i282"/><IzzAttribute z:Ref="i283"/></URDFElement></ChildElements><ElementName>inertial</ElementName><required>false</required><Inertia z:Ref="i277"/><Mass z:Ref="i275"/><Origin z:Ref="i272"/></URDFElement><URDFElement z:Id="i284" i:type="Visual"><Attributes/><ChildElements><URDFElement z:Id="i285" i:type="Origin"><Attributes><Attribute z:Id="i286"><AttributeType>xyz</AttributeType><IsRequired>true</IsRequired><Value i:type="a:ArrayOfdouble" xmlns:a="http://schemas.microsoft.com/2003/10/Serialization/Arrays"><a:double>0</a:double><a:double>0</a:double><a:double>0</a:double></Value></Attribute><Attribute z:Id="i287"><AttributeType>rpy</AttributeType><IsRequired>true</IsRequired><Value i:type="a:ArrayOfdouble" xmlns:a="http://schemas.microsoft.com/2003/10/Serialization/Arrays"><a:double>0</a:double><a:double>0</a:double><a:double>0</a:double></Value></Attribute></Attributes><ChildElements/><ElementName>origin</ElementName><required>false</required><RPYAttribute z:Ref="i287"/><XYZAttribute z:Ref="i286"/><isCustomized>false</isCustomized></URDFElement><URDFElement z:Id="i288" i:type="Geometry"><Attributes/><ChildElements><URDFElement z:Id="i289" i:type="Mesh"><Attributes><Attribute z:Id="i290"><AttributeType>filename</AttributeType><IsRequired>true</IsRequired><Value i:nil="true"/></Attribute></Attributes><ChildElements/><ElementName>mesh</ElementName><required>false</required><FilenameAttribute z:Ref="i290"/></URDFElement></ChildElements><ElementName>geometry</ElementName><required>true</required><Mesh z:Ref="i289"/></URDFElement><URDFElement z:Id="i291" i:type="Material"><Attributes><Attribute z:Id="i292"><AttributeType>name</AttributeType><IsRequired>true</IsRequired><Value i:type="a:string" xmlns:a="http://www.w3.org/2001/XMLSchema"/></Attribute></Attributes><ChildElements><URDFElement z:Id="i293" i:type="Color"><Attributes><Attribute z:Id="i294"><AttributeType>rgba</AttributeType><IsRequired>true</IsRequired><Value i:type="a:ArrayOfdouble" xmlns:a="http://schemas.microsoft.com/2003/10/Serialization/Arrays"><a:double>1</a:double><a:double>1</a:double><a:double>1</a:double><a:double>1</a:double></Value></Attribute></Attributes><ChildElements/><ElementName>color</ElementName><required>false</required><RGBAAttribute z:Ref="i294"/></URDFElement><URDFElement z:Id="i295" i:type="Texture"><Attributes><Attribute z:Id="i296"><AttributeType>filename</AttributeType><IsRequired>true</IsRequired><Value i:nil="true"/></Attribute></Attributes><ChildElements/><ElementName>texture</ElementName><required>false</required><FilenameAttribute z:Ref="i296"/><wFilename/></URDFElement></ChildElements><ElementName>material</ElementName><required>false</required><Color z:Ref="i293"/><NameAttribute z:Ref="i292"/><Texture z:Ref="i295"/></URDFElement></ChildElements><ElementName>visual</ElementName><required>false</required><Geometry z:Ref="i288"/><Material z:Ref="i291"/><Origin z:Ref="i285"/></URDFElement><URDFElement z:Id="i297" i:type="Collision"><Attributes/><ChildElements><URDFElement z:Id="i298" i:type="Origin"><Attributes><Attribute z:Id="i299"><AttributeType>xyz</AttributeType><IsRequired>true</IsRequired><Value i:type="a:ArrayOfdouble" xmlns:a="http://schemas.microsoft.com/2003/10/Serialization/Arrays"><a:double>0</a:double><a:double>0</a:double><a:double>0</a:double></Value></Attribute><Attribute z:Id="i300"><AttributeType>rpy</AttributeType><IsRequired>true</IsRequired><Value i:type="a:ArrayOfdouble" xmlns:a="http://schemas.microsoft.com/2003/10/Serialization/Arrays"><a:double>0</a:double><a:double>0</a:double><a:double>0</a:double></Value></Attribute></Attributes><ChildElements/><ElementName>origin</ElementName><required>false</required><RPYAttribute z:Ref="i300"/><XYZAttribute z:Ref="i299"/><isCustomized>false</isCustomized></URDFElement><URDFElement z:Id="i301" i:type="Geometry"><Attributes/><ChildElements><URDFElement z:Id="i302" i:type="Mesh"><Attributes><Attribute z:Id="i303"><AttributeType>filename</AttributeType><IsRequired>true</IsRequired><Value i:nil="true"/></Attribute></Attributes><ChildElements/><ElementName>mesh</ElementName><required>false</required><FilenameAttribute z:Ref="i303"/></URDFElement></ChildElements><ElementName>geometry</ElementName><required>true</required><Mesh z:Ref="i302"/></URDFElement></ChildElements><ElementName>collision</ElementName><required>false</required><Geometry z:Ref="i301"/><Origin z:Ref="i298"/></URDFElement><URDFElement z:Id="i304" i:type="Joint"><Attributes><Attribute z:Id="i305"><AttributeType>name</AttributeType><IsRequired>true</IsRequired><Value i:type="a:string" xmlns:a="http://www.w3.org/2001/XMLSchema">RL_wheel</Value></Attribute><Attribute z:Id="i306"><AttributeType>type</AttributeType><IsRequired>true</IsRequired><Value i:type="a:string" xmlns:a="http://www.w3.org/2001/XMLSchema">continuous</Value></Attribute></Attributes><ChildElements><URDFElement z:Id="i307" i:type="Origin"><Attributes><Attribute z:Id="i308"><AttributeType>xyz</AttributeType><IsRequired>true</IsRequired><Value i:type="a:ArrayOfdouble" xmlns:a="http://schemas.microsoft.com/2003/10/Serialization/Arrays"><a:double>0</a:double><a:double>0</a:double><a:double>0</a:double></Value></Attribute><Attribute z:Id="i309"><AttributeType>rpy</AttributeType><IsRequired>true</IsRequired><Value i:type="a:ArrayOfdouble" xmlns:a="http://schemas.microsoft.com/2003/10/Serialization/Arrays"><a:double>0</a:double><a:double>0</a:double><a:double>0</a:double></Value></Attribute></Attributes><ChildElements/><ElementName>origin</ElementName><required>false</required><RPYAttribute z:Ref="i309"/><XYZAttribute z:Ref="i308"/><isCustomized>false</isCustomized></URDFElement><URDFElement z:Id="i310" i:type="ParentLink"><Attributes><Attribute z:Id="i311"><AttributeType>link</AttributeType><IsRequired>true</IsRequired><Value i:type="a:string" xmlns:a="http://www.w3.org/2001/XMLSchema"/></Attribute></Attributes><ChildElements/><ElementName>parent</ElementName><required>true</required><NameAttribute z:Ref="i311"/></URDFElement><URDFElement z:Id="i312" i:type="ChildLink"><Attributes><Attribute z:Id="i313"><AttributeType>link</AttributeType><IsRequired>true</IsRequired><Value i:type="a:string" xmlns:a="http://www.w3.org/2001/XMLSchema"/></Attribute></Attributes><ChildElements/><ElementName>child</ElementName><required>true</required><NameAttribute z:Ref="i313"/></URDFElement><URDFElement z:Id="i314" i:type="Axis"><Attributes><Attribute z:Id="i315"><AttributeType>xyz</AttributeType><IsRequired>true</IsRequired><Value i:type="a:ArrayOfdouble" xmlns:a="http://schemas.microsoft.com/2003/10/Serialization/Arrays"><a:double>0</a:double><a:double>0</a:double><a:double>0</a:double></Value></Attribute></Attributes><ChildElements/><ElementName>axis</ElementName><required>false</required><XYZAttribute z:Ref="i315"/></URDFElement><URDFElement z:Id="i316" i:type="Limit"><Attributes><Attribute z:Id="i317"><AttributeType>lower</AttributeType><IsRequired>false</IsRequired><Value i:nil="true"/></Attribute><Attribute z:Id="i318"><AttributeType>upper</AttributeType><IsRequired>false</IsRequired><Value i:nil="true"/></Attribute><Attribute z:Id="i319"><AttributeType>effort</AttributeType><IsRequired>true</IsRequired><Value i:nil="true"/></Attribute><Attribute z:Id="i320"><AttributeType>velocity</AttributeType><IsRequired>true</IsRequired><Value i:nil="true"/></Attribute></Attributes><ChildElements/><ElementName>limit</ElementName><required>false</required><EffortAttribute z:Ref="i319"/><LowerAttribute z:Ref="i317"/><UpperAttribute z:Ref="i318"/><VelocityAttribute z:Ref="i320"/></URDFElement><URDFElement z:Id="i321" i:type="Calibration"><Attributes><Attribute z:Id="i322"><AttributeType>rising</AttributeType><IsRequired>false</IsRequired><Value i:nil="true"/></Attribute><Attribute z:Id="i323"><AttributeType>falling</AttributeType><IsRequired>false</IsRequired><Value i:nil="true"/></Attribute></Attributes><ChildElements/><ElementName>calibration</ElementName><required>false</required><FallingAttribute z:Ref="i323"/><RisingAttribute z:Ref="i322"/></URDFElement><URDFElement z:Id="i324" i:type="Dynamics"><Attributes><Attribute z:Id="i325"><AttributeType>damping</AttributeType><IsRequired>false</IsRequired><Value i:nil="true"/></Attribute><Attribute z:Id="i326"><AttributeType>friction</AttributeType><IsRequired>false</IsRequired><Value i:nil="true"/></Attribute></Attributes><ChildElements/><ElementName>dynamics</ElementName><required>false</required><DampingAttribute z:Ref="i325"/><FrictionAttribute z:Ref="i326"/></URDFElement><URDFElement z:Id="i327" i:type="SafetyController"><Attributes><Attribute z:Id="i328"><AttributeType>soft_upper_limit</AttributeType><IsRequired>false</IsRequired><Value i:nil="true"/></Attribute><Attribute z:Id="i329"><AttributeType>soft_lower_limit</AttributeType><IsRequired>false</IsRequired><Value i:nil="true"/></Attribute><Attribute z:Id="i330"><AttributeType>k_position</AttributeType><IsRequired>false</IsRequired><Value i:nil="true"/></Attribute><Attribute z:Id="i331"><AttributeType>k_velocity</AttributeType><IsRequired>true</IsRequired><Value i:nil="true"/></Attribute></Attributes><ChildElements/><ElementName>safety_controller</ElementName><required>false</required><KPositionAttribute z:Ref="i330"/><KVelocityAttribute z:Ref="i331"/><SoftLowerAttribute z:Ref="i329"/><SoftUpperAttribute z:Ref="i328"/></URDFElement><URDFElement z:Id="i332" i:type="Mimic"><Attributes><Attribute z:Id="i333"><AttributeType>joint</AttributeType><IsRequired>true</IsRequired><Value i:nil="true"/></Attribute><Attribute z:Id="i334"><AttributeType>multiplier</AttributeType><IsRequired>false</IsRequired><Value i:nil="true"/></Attribute><Attribute z:Id="i335"><AttributeType>offset</AttributeType><IsRequired>false</IsRequired><Value i:nil="true"/></Attribute></Attributes><ChildElements/><ElementName>mimic</ElementName><required>false</required><JointNameAttribute z:Ref="i333"/><MultiplierAttribute z:Ref="i334"/><OffsetAttribute z:Ref="i335"/></URDFElement></ChildElements><ElementName>joint</ElementName><required>false</required><Axis z:Ref="i314"/><AxisName>Axis9</AxisName><Calibration z:Ref="i321"/><Child z:Ref="i312"/><CoordinateSystemName>Leftback_wheel</CoordinateSystemName><Dynamics z:Ref="i324"/><Limit z:Ref="i316"/><Mimic z:Ref="i332"/><NameAttribute z:Ref="i305"/><Origin z:Ref="i307"/><Parent z:Ref="i310"/><Safety z:Ref="i327"/><TypeAttribute z:Ref="i306"/></URDFElement></ChildElements><ElementName>link</ElementName><required>true</required><Children/><Collision z:Ref="i297"/><Inertial z:Ref="i271"/><Joint z:Ref="i304"/><NameAttribute z:Ref="i270"/><Parent z:Ref="i1"/><STLQualityFine>false</STLQualityFine><SWComponentPIDs xmlns:a="http://schemas.microsoft.com/2003/10/Serialization/Arrays"><a:base64Binary>aEIAAAUAAAD//v8QdwBoAGUAZQBsAC0AOABAAHMAaQBtAHAAbABpAGYAeQAEAAAAEAAAAAEAAAABAAAAigMAAA==</a:base64Binary></SWComponentPIDs><SWMainComponentPID i:nil="true"/><Visual z:Ref="i284"/><isFixedFrame>false</isFixedFrame><isIncomplete>false</isIncomplete></Link><Link z:Id="i336"><Attributes><Attribute z:Id="i337"><AttributeType>name</AttributeType><IsRequired>true</IsRequired><Value i:type="a:string" xmlns:a="http://www.w3.org/2001/XMLSchema">imu</Value></Attribute></Attributes><ChildElements><URDFElement z:Id="i338" i:type="Inertial"><Attributes/><ChildElements><URDFElement z:Id="i339" i:type="Origin"><Attributes><Attribute z:Id="i340"><AttributeType>xyz</AttributeType><IsRequired>true</IsRequired><Value i:type="a:ArrayOfdouble" xmlns:a="http://schemas.microsoft.com/2003/10/Serialization/Arrays"><a:double>0</a:double><a:double>0</a:double><a:double>0</a:double></Value></Attribute><Attribute z:Id="i341"><AttributeType>rpy</AttributeType><IsRequired>true</IsRequired><Value i:type="a:ArrayOfdouble" xmlns:a="http://schemas.microsoft.com/2003/10/Serialization/Arrays"><a:double>0</a:double><a:double>0</a:double><a:double>0</a:double></Value></Attribute></Attributes><ChildElements/><ElementName>origin</ElementName><required>false</required><RPYAttribute z:Ref="i341"/><XYZAttribute z:Ref="i340"/><isCustomized>false</isCustomized></URDFElement><URDFElement z:Id="i342" i:type="Mass"><Attributes><Attribute z:Id="i343"><AttributeType>value</AttributeType><IsRequired>true</IsRequired><Value i:type="a:double" xmlns:a="http://www.w3.org/2001/XMLSchema">0</Value></Attribute></Attributes><ChildElements/><ElementName>mass</ElementName><required>false</required><ValueAttribute z:Ref="i343"/></URDFElement><URDFElement z:Id="i344" i:type="Inertia"><Attributes><Attribute z:Id="i345"><AttributeType>ixx</AttributeType><IsRequired>true</IsRequired><Value i:type="a:double" xmlns:a="http://www.w3.org/2001/XMLSchema">0</Value></Attribute><Attribute z:Id="i346"><AttributeType>ixy</AttributeType><IsRequired>true</IsRequired><Value i:type="a:double" xmlns:a="http://www.w3.org/2001/XMLSchema">0</Value></Attribute><Attribute z:Id="i347"><AttributeType>ixz</AttributeType><IsRequired>true</IsRequired><Value i:type="a:double" xmlns:a="http://www.w3.org/2001/XMLSchema">0</Value></Attribute><Attribute z:Id="i348"><AttributeType>iyy</AttributeType><IsRequired>true</IsRequired><Value i:type="a:double" xmlns:a="http://www.w3.org/2001/XMLSchema">0</Value></Attribute><Attribute z:Id="i349"><AttributeType>iyz</AttributeType><IsRequired>true</IsRequired><Value i:type="a:double" xmlns:a="http://www.w3.org/2001/XMLSchema">0</Value></Attribute><Attribute z:Id="i350"><AttributeType>izz</AttributeType><IsRequired>true</IsRequired><Value i:type="a:double" xmlns:a="http://www.w3.org/2001/XMLSchema">0</Value></Attribute></Attributes><ChildElements/><ElementName>inertia</ElementName><required>false</required><IxxAttribute z:Ref="i345"/><IxyAttribute z:Ref="i346"/><IxzAttribute z:Ref="i347"/><IyyAttribute z:Ref="i348"/><IyzAttribute z:Ref="i349"/><IzzAttribute z:Ref="i350"/></URDFElement></ChildElements><ElementName>inertial</ElementName><required>false</required><Inertia z:Ref="i344"/><Mass z:Ref="i342"/><Origin z:Ref="i339"/></URDFElement><URDFElement z:Id="i351" i:type="Visual"><Attributes/><ChildElements><URDFElement z:Id="i352" i:type="Origin"><Attributes><Attribute z:Id="i353"><AttributeType>xyz</AttributeType><IsRequired>true</IsRequired><Value i:type="a:ArrayOfdouble" xmlns:a="http://schemas.microsoft.com/2003/10/Serialization/Arrays"><a:double>0</a:double><a:double>0</a:double><a:double>0</a:double></Value></Attribute><Attribute z:Id="i354"><AttributeType>rpy</AttributeType><IsRequired>true</IsRequired><Value i:type="a:ArrayOfdouble" xmlns:a="http://schemas.microsoft.com/2003/10/Serialization/Arrays"><a:double>0</a:double><a:double>0</a:double><a:double>0</a:double></Value></Attribute></Attributes><ChildElements/><ElementName>origin</ElementName><required>false</required><RPYAttribute z:Ref="i354"/><XYZAttribute z:Ref="i353"/><isCustomized>false</isCustomized></URDFElement><URDFElement z:Id="i355" i:type="Geometry"><Attributes/><ChildElements><URDFElement z:Id="i356" i:type="Mesh"><Attributes><Attribute z:Id="i357"><AttributeType>filename</AttributeType><IsRequired>true</IsRequired><Value i:nil="true"/></Attribute></Attributes><ChildElements/><ElementName>mesh</ElementName><required>false</required><FilenameAttribute z:Ref="i357"/></URDFElement></ChildElements><ElementName>geometry</ElementName><required>true</required><Mesh z:Ref="i356"/></URDFElement><URDFElement z:Id="i358" i:type="Material"><Attributes><Attribute z:Id="i359"><AttributeType>name</AttributeType><IsRequired>true</IsRequired><Value i:type="a:string" xmlns:a="http://www.w3.org/2001/XMLSchema"/></Attribute></Attributes><ChildElements><URDFElement z:Id="i360" i:type="Color"><Attributes><Attribute z:Id="i361"><AttributeType>rgba</AttributeType><IsRequired>true</IsRequired><Value i:type="a:ArrayOfdouble" xmlns:a="http://schemas.microsoft.com/2003/10/Serialization/Arrays"><a:double>1</a:double><a:double>1</a:double><a:double>1</a:double><a:double>1</a:double></Value></Attribute></Attributes><ChildElements/><ElementName>color</ElementName><required>false</required><RGBAAttribute z:Ref="i361"/></URDFElement><URDFElement z:Id="i362" i:type="Texture"><Attributes><Attribute z:Id="i363"><AttributeType>filename</AttributeType><IsRequired>true</IsRequired><Value i:nil="true"/></Attribute></Attributes><ChildElements/><ElementName>texture</ElementName><required>false</required><FilenameAttribute z:Ref="i363"/><wFilename/></URDFElement></ChildElements><ElementName>material</ElementName><required>false</required><Color z:Ref="i360"/><NameAttribute z:Ref="i359"/><Texture z:Ref="i362"/></URDFElement></ChildElements><ElementName>visual</ElementName><required>false</required><Geometry z:Ref="i355"/><Material z:Ref="i358"/><Origin z:Ref="i352"/></URDFElement><URDFElement z:Id="i364" i:type="Collision"><Attributes/><ChildElements><URDFElement z:Id="i365" i:type="Origin"><Attributes><Attribute z:Id="i366"><AttributeType>xyz</AttributeType><IsRequired>true</IsRequired><Value i:type="a:ArrayOfdouble" xmlns:a="http://schemas.microsoft.com/2003/10/Serialization/Arrays"><a:double>0</a:double><a:double>0</a:double><a:double>0</a:double></Value></Attribute><Attribute z:Id="i367"><AttributeType>rpy</AttributeType><IsRequired>true</IsRequired><Value i:type="a:ArrayOfdouble" xmlns:a="http://schemas.microsoft.com/2003/10/Serialization/Arrays"><a:double>0</a:double><a:double>0</a:double><a:double>0</a:double></Value></Attribute></Attributes><ChildElements/><ElementName>origin</ElementName><required>false</required><RPYAttribute z:Ref="i367"/><XYZAttribute z:Ref="i366"/><isCustomized>false</isCustomized></URDFElement><URDFElement z:Id="i368" i:type="Geometry"><Attributes/><ChildElements><URDFElement z:Id="i369" i:type="Mesh"><Attributes><Attribute z:Id="i370"><AttributeType>filename</AttributeType><IsRequired>true</IsRequired><Value i:nil="true"/></Attribute></Attributes><ChildElements/><ElementName>mesh</ElementName><required>false</required><FilenameAttribute z:Ref="i370"/></URDFElement></ChildElements><ElementName>geometry</ElementName><required>true</required><Mesh z:Ref="i369"/></URDFElement></ChildElements><ElementName>collision</ElementName><required>false</required><Geometry z:Ref="i368"/><Origin z:Ref="i365"/></URDFElement><URDFElement z:Id="i371" i:type="Joint"><Attributes><Attribute z:Id="i372"><AttributeType>name</AttributeType><IsRequired>true</IsRequired><Value i:type="a:string" xmlns:a="http://www.w3.org/2001/XMLSchema">imu</Value></Attribute><Attribute z:Id="i373"><AttributeType>type</AttributeType><IsRequired>true</IsRequired><Value i:type="a:string" xmlns:a="http://www.w3.org/2001/XMLSchema">fixed</Value></Attribute></Attributes><ChildElements><URDFElement z:Id="i374" i:type="Origin"><Attributes><Attribute z:Id="i375"><AttributeType>xyz</AttributeType><IsRequired>true</IsRequired><Value i:type="a:ArrayOfdouble" xmlns:a="http://schemas.microsoft.com/2003/10/Serialization/Arrays"><a:double>0</a:double><a:double>0</a:double><a:double>0</a:double></Value></Attribute><Attribute z:Id="i376"><AttributeType>rpy</AttributeType><IsRequired>true</IsRequired><Value i:type="a:ArrayOfdouble" xmlns:a="http://schemas.microsoft.com/2003/10/Serialization/Arrays"><a:double>0</a:double><a:double>0</a:double><a:double>0</a:double></Value></Attribute></Attributes><ChildElements/><ElementName>origin</ElementName><required>false</required><RPYAttribute z:Ref="i376"/><XYZAttribute z:Ref="i375"/><isCustomized>false</isCustomized></URDFElement><URDFElement z:Id="i377" i:type="ParentLink"><Attributes><Attribute z:Id="i378"><AttributeType>link</AttributeType><IsRequired>true</IsRequired><Value i:type="a:string" xmlns:a="http://www.w3.org/2001/XMLSchema"/></Attribute></Attributes><ChildElements/><ElementName>parent</ElementName><required>true</required><NameAttribute z:Ref="i378"/></URDFElement><URDFElement z:Id="i379" i:type="ChildLink"><Attributes><Attribute z:Id="i380"><AttributeType>link</AttributeType><IsRequired>true</IsRequired><Value i:type="a:string" xmlns:a="http://www.w3.org/2001/XMLSchema"/></Attribute></Attributes><ChildElements/><ElementName>child</ElementName><required>true</required><NameAttribute z:Ref="i380"/></URDFElement><URDFElement z:Id="i381" i:type="Axis"><Attributes><Attribute z:Id="i382"><AttributeType>xyz</AttributeType><IsRequired>true</IsRequired><Value i:type="a:ArrayOfdouble" xmlns:a="http://schemas.microsoft.com/2003/10/Serialization/Arrays"><a:double>0</a:double><a:double>0</a:double><a:double>0</a:double></Value></Attribute></Attributes><ChildElements/><ElementName>axis</ElementName><required>false</required><XYZAttribute z:Ref="i382"/></URDFElement><URDFElement z:Id="i383" i:type="Limit"><Attributes><Attribute z:Id="i384"><AttributeType>lower</AttributeType><IsRequired>false</IsRequired><Value i:nil="true"/></Attribute><Attribute z:Id="i385"><AttributeType>upper</AttributeType><IsRequired>false</IsRequired><Value i:nil="true"/></Attribute><Attribute z:Id="i386"><AttributeType>effort</AttributeType><IsRequired>true</IsRequired><Value i:nil="true"/></Attribute><Attribute z:Id="i387"><AttributeType>velocity</AttributeType><IsRequired>true</IsRequired><Value i:nil="true"/></Attribute></Attributes><ChildElements/><ElementName>limit</ElementName><required>false</required><EffortAttribute z:Ref="i386"/><LowerAttribute z:Ref="i384"/><UpperAttribute z:Ref="i385"/><VelocityAttribute z:Ref="i387"/></URDFElement><URDFElement z:Id="i388" i:type="Calibration"><Attributes><Attribute z:Id="i389"><AttributeType>rising</AttributeType><IsRequired>false</IsRequired><Value i:nil="true"/></Attribute><Attribute z:Id="i390"><AttributeType>falling</AttributeType><IsRequired>false</IsRequired><Value i:nil="true"/></Attribute></Attributes><ChildElements/><ElementName>calibration</ElementName><required>false</required><FallingAttribute z:Ref="i390"/><RisingAttribute z:Ref="i389"/></URDFElement><URDFElement z:Id="i391" i:type="Dynamics"><Attributes><Attribute z:Id="i392"><AttributeType>damping</AttributeType><IsRequired>false</IsRequired><Value i:nil="true"/></Attribute><Attribute z:Id="i393"><AttributeType>friction</AttributeType><IsRequired>false</IsRequired><Value i:nil="true"/></Attribute></Attributes><ChildElements/><ElementName>dynamics</ElementName><required>false</required><DampingAttribute z:Ref="i392"/><FrictionAttribute z:Ref="i393"/></URDFElement><URDFElement z:Id="i394" i:type="SafetyController"><Attributes><Attribute z:Id="i395"><AttributeType>soft_upper_limit</AttributeType><IsRequired>false</IsRequired><Value i:nil="true"/></Attribute><Attribute z:Id="i396"><AttributeType>soft_lower_limit</AttributeType><IsRequired>false</IsRequired><Value i:nil="true"/></Attribute><Attribute z:Id="i397"><AttributeType>k_position</AttributeType><IsRequired>false</IsRequired><Value i:nil="true"/></Attribute><Attribute z:Id="i398"><AttributeType>k_velocity</AttributeType><IsRequired>true</IsRequired><Value i:nil="true"/></Attribute></Attributes><ChildElements/><ElementName>safety_controller</ElementName><required>false</required><KPositionAttribute z:Ref="i397"/><KVelocityAttribute z:Ref="i398"/><SoftLowerAttribute z:Ref="i396"/><SoftUpperAttribute z:Ref="i395"/></URDFElement><URDFElement z:Id="i399" i:type="Mimic"><Attributes><Attribute z:Id="i400"><AttributeType>joint</AttributeType><IsRequired>true</IsRequired><Value i:nil="true"/></Attribute><Attribute z:Id="i401"><AttributeType>multiplier</AttributeType><IsRequired>false</IsRequired><Value i:nil="true"/></Attribute><Attribute z:Id="i402"><AttributeType>offset</AttributeType><IsRequired>false</IsRequired><Value i:nil="true"/></Attribute></Attributes><ChildElements/><ElementName>mimic</ElementName><required>false</required><JointNameAttribute z:Ref="i400"/><MultiplierAttribute z:Ref="i401"/><OffsetAttribute z:Ref="i402"/></URDFElement></ChildElements><ElementName>joint</ElementName><required>false</required><Axis z:Ref="i381"/><AxisName>IMU_axis</AxisName><Calibration z:Ref="i388"/><Child z:Ref="i379"/><CoordinateSystemName>IMU_Link</CoordinateSystemName><Dynamics z:Ref="i391"/><Limit z:Ref="i383"/><Mimic z:Ref="i399"/><NameAttribute z:Ref="i372"/><Origin z:Ref="i374"/><Parent z:Ref="i377"/><Safety z:Ref="i394"/><TypeAttribute z:Ref="i373"/></URDFElement></ChildElements><ElementName>link</ElementName><required>true</required><Children/><Collision z:Ref="i364"/><Inertial z:Ref="i338"/><Joint z:Ref="i371"/><NameAttribute z:Ref="i337"/><Parent z:Ref="i1"/><STLQualityFine>false</STLQualityFine><SWComponentPIDs xmlns:a="http://schemas.microsoft.com/2003/10/Serialization/Arrays"><a:base64Binary>aEIAAAUAAAD//v8YaQBtAHUAXwBzAHQAaQBjAGsAbQBvAGMAawAtADEAQABzAGkAbQBwAGwAaQBmAHkABAAAABAAAAABAAAAAQAAAM0BAAA=</a:base64Binary></SWComponentPIDs><SWMainComponentPID i:nil="true"/><Visual z:Ref="i351"/><isFixedFrame>false</isFixedFrame><isIncomplete>false</isIncomplete></Link><Link z:Id="i403"><Attributes><Attribute z:Id="i404"><AttributeType>name</AttributeType><IsRequired>true</IsRequired><Value i:type="a:string" xmlns:a="http://www.w3.org/2001/XMLSchema">lidar</Value></Attribute></Attributes><ChildElements><URDFElement z:Id="i405" i:type="Inertial"><Attributes/><ChildElements><URDFElement z:Id="i406" i:type="Origin"><Attributes><Attribute z:Id="i407"><AttributeType>xyz</AttributeType><IsRequired>true</IsRequired><Value i:type="a:ArrayOfdouble" xmlns:a="http://schemas.microsoft.com/2003/10/Serialization/Arrays"><a:double>0</a:double><a:double>0</a:double><a:double>0</a:double></Value></Attribute><Attribute z:Id="i408"><AttributeType>rpy</AttributeType><IsRequired>true</IsRequired><Value i:type="a:ArrayOfdouble" xmlns:a="http://schemas.microsoft.com/2003/10/Serialization/Arrays"><a:double>0</a:double><a:double>0</a:double><a:double>0</a:double></Value></Attribute></Attributes><ChildElements/><ElementName>origin</ElementName><required>false</required><RPYAttribute z:Ref="i408"/><XYZAttribute z:Ref="i407"/><isCustomized>false</isCustomized></URDFElement><URDFElement z:Id="i409" i:type="Mass"><Attributes><Attribute z:Id="i410"><AttributeType>value</AttributeType><IsRequired>true</IsRequired><Value i:type="a:double" xmlns:a="http://www.w3.org/2001/XMLSchema">0</Value></Attribute></Attributes><ChildElements/><ElementName>mass</ElementName><required>false</required><ValueAttribute z:Ref="i410"/></URDFElement><URDFElement z:Id="i411" i:type="Inertia"><Attributes><Attribute z:Id="i412"><AttributeType>ixx</AttributeType><IsRequired>true</IsRequired><Value i:type="a:double" xmlns:a="http://www.w3.org/2001/XMLSchema">0</Value></Attribute><Attribute z:Id="i413"><AttributeType>ixy</AttributeType><IsRequired>true</IsRequired><Value i:type="a:double" xmlns:a="http://www.w3.org/2001/XMLSchema">0</Value></Attribute><Attribute z:Id="i414"><AttributeType>ixz</AttributeType><IsRequired>true</IsRequired><Value i:type="a:double" xmlns:a="http://www.w3.org/2001/XMLSchema">0</Value></Attribute><Attribute z:Id="i415"><AttributeType>iyy</AttributeType><IsRequired>true</IsRequired><Value i:type="a:double" xmlns:a="http://www.w3.org/2001/XMLSchema">0</Value></Attribute><Attribute z:Id="i416"><AttributeType>iyz</AttributeType><IsRequired>true</IsRequired><Value i:type="a:double" xmlns:a="http://www.w3.org/2001/XMLSchema">0</Value></Attribute><Attribute z:Id="i417"><AttributeType>izz</AttributeType><IsRequired>true</IsRequired><Value i:type="a:double" xmlns:a="http://www.w3.org/2001/XMLSchema">0</Value></Attribute></Attributes><ChildElements/><ElementName>inertia</ElementName><required>false</required><IxxAttribute z:Ref="i412"/><IxyAttribute z:Ref="i413"/><IxzAttribute z:Ref="i414"/><IyyAttribute z:Ref="i415"/><IyzAttribute z:Ref="i416"/><IzzAttribute z:Ref="i417"/></URDFElement></ChildElements><ElementName>inertial</ElementName><required>false</required><Inertia z:Ref="i411"/><Mass z:Ref="i409"/><Origin z:Ref="i406"/></URDFElement><URDFElement z:Id="i418" i:type="Visual"><Attributes/><ChildElements><URDFElement z:Id="i419" i:type="Origin"><Attributes><Attribute z:Id="i420"><AttributeType>xyz</AttributeType><IsRequired>true</IsRequired><Value i:type="a:ArrayOfdouble" xmlns:a="http://schemas.microsoft.com/2003/10/Serialization/Arrays"><a:double>0</a:double><a:double>0</a:double><a:double>0</a:double></Value></Attribute><Attribute z:Id="i421"><AttributeType>rpy</AttributeType><IsRequired>true</IsRequired><Value i:type="a:ArrayOfdouble" xmlns:a="http://schemas.microsoft.com/2003/10/Serialization/Arrays"><a:double>0</a:double><a:double>0</a:double><a:double>0</a:double></Value></Attribute></Attributes><ChildElements/><ElementName>origin</ElementName><required>false</required><RPYAttribute z:Ref="i421"/><XYZAttribute z:Ref="i420"/><isCustomized>false</isCustomized></URDFElement><URDFElement z:Id="i422" i:type="Geometry"><Attributes/><ChildElements><URDFElement z:Id="i423" i:type="Mesh"><Attributes><Attribute z:Id="i424"><AttributeType>filename</AttributeType><IsRequired>true</IsRequired><Value i:nil="true"/></Attribute></Attributes><ChildElements/><ElementName>mesh</ElementName><required>false</required><FilenameAttribute z:Ref="i424"/></URDFElement></ChildElements><ElementName>geometry</ElementName><required>true</required><Mesh z:Ref="i423"/></URDFElement><URDFElement z:Id="i425" i:type="Material"><Attributes><Attribute z:Id="i426"><AttributeType>name</AttributeType><IsRequired>true</IsRequired><Value i:type="a:string" xmlns:a="http://www.w3.org/2001/XMLSchema"/></Attribute></Attributes><ChildElements><URDFElement z:Id="i427" i:type="Color"><Attributes><Attribute z:Id="i428"><AttributeType>rgba</AttributeType><IsRequired>true</IsRequired><Value i:type="a:ArrayOfdouble" xmlns:a="http://schemas.microsoft.com/2003/10/Serialization/Arrays"><a:double>1</a:double><a:double>1</a:double><a:double>1</a:double><a:double>1</a:double></Value></Attribute></Attributes><ChildElements/><ElementName>color</ElementName><required>false</required><RGBAAttribute z:Ref="i428"/></URDFElement><URDFElement z:Id="i429" i:type="Texture"><Attributes><Attribute z:Id="i430"><AttributeType>filename</AttributeType><IsRequired>true</IsRequired><Value i:nil="true"/></Attribute></Attributes><ChildElements/><ElementName>texture</ElementName><required>false</required><FilenameAttribute z:Ref="i430"/><wFilename/></URDFElement></ChildElements><ElementName>material</ElementName><required>false</required><Color z:Ref="i427"/><NameAttribute z:Ref="i426"/><Texture z:Ref="i429"/></URDFElement></ChildElements><ElementName>visual</ElementName><required>false</required><Geometry z:Ref="i422"/><Material z:Ref="i425"/><Origin z:Ref="i419"/></URDFElement><URDFElement z:Id="i431" i:type="Collision"><Attributes/><ChildElements><URDFElement z:Id="i432" i:type="Origin"><Attributes><Attribute z:Id="i433"><AttributeType>xyz</AttributeType><IsRequired>true</IsRequired><Value i:type="a:ArrayOfdouble" xmlns:a="http://schemas.microsoft.com/2003/10/Serialization/Arrays"><a:double>0</a:double><a:double>0</a:double><a:double>0</a:double></Value></Attribute><Attribute z:Id="i434"><AttributeType>rpy</AttributeType><IsRequired>true</IsRequired><Value i:type="a:ArrayOfdouble" xmlns:a="http://schemas.microsoft.com/2003/10/Serialization/Arrays"><a:double>0</a:double><a:double>0</a:double><a:double>0</a:double></Value></Attribute></Attributes><ChildElements/><ElementName>origin</ElementName><required>false</required><RPYAttribute z:Ref="i434"/><XYZAttribute z:Ref="i433"/><isCustomized>false</isCustomized></URDFElement><URDFElement z:Id="i435" i:type="Geometry"><Attributes/><ChildElements><URDFElement z:Id="i436" i:type="Mesh"><Attributes><Attribute z:Id="i437"><AttributeType>filename</AttributeType><IsRequired>true</IsRequired><Value i:nil="true"/></Attribute></Attributes><ChildElements/><ElementName>mesh</ElementName><required>false</required><FilenameAttribute z:Ref="i437"/></URDFElement></ChildElements><ElementName>geometry</ElementName><required>true</required><Mesh z:Ref="i436"/></URDFElement></ChildElements><ElementName>collision</ElementName><required>false</required><Geometry z:Ref="i435"/><Origin z:Ref="i432"/></URDFElement><URDFElement z:Id="i438" i:type="Joint"><Attributes><Attribute z:Id="i439"><AttributeType>name</AttributeType><IsRequired>true</IsRequired><Value i:type="a:string" xmlns:a="http://www.w3.org/2001/XMLSchema">lidar</Value></Attribute><Attribute z:Id="i440"><AttributeType>type</AttributeType><IsRequired>true</IsRequired><Value i:type="a:string" xmlns:a="http://www.w3.org/2001/XMLSchema">fixed</Value></Attribute></Attributes><ChildElements><URDFElement z:Id="i441" i:type="Origin"><Attributes><Attribute z:Id="i442"><AttributeType>xyz</AttributeType><IsRequired>true</IsRequired><Value i:type="a:ArrayOfdouble" xmlns:a="http://schemas.microsoft.com/2003/10/Serialization/Arrays"><a:double>0</a:double><a:double>0</a:double><a:double>0</a:double></Value></Attribute><Attribute z:Id="i443"><AttributeType>rpy</AttributeType><IsRequired>true</IsRequired><Value i:type="a:ArrayOfdouble" xmlns:a="http://schemas.microsoft.com/2003/10/Serialization/Arrays"><a:double>0</a:double><a:double>0</a:double><a:double>0</a:double></Value></Attribute></Attributes><ChildElements/><ElementName>origin</ElementName><required>false</required><RPYAttribute z:Ref="i443"/><XYZAttribute z:Ref="i442"/><isCustomized>false</isCustomized></URDFElement><URDFElement z:Id="i444" i:type="ParentLink"><Attributes><Attribute z:Id="i445"><AttributeType>link</AttributeType><IsRequired>true</IsRequired><Value i:type="a:string" xmlns:a="http://www.w3.org/2001/XMLSchema"/></Attribute></Attributes><ChildElements/><ElementName>parent</ElementName><required>true</required><NameAttribute z:Ref="i445"/></URDFElement><URDFElement z:Id="i446" i:type="ChildLink"><Attributes><Attribute z:Id="i447"><AttributeType>link</AttributeType><IsRequired>true</IsRequired><Value i:type="a:string" xmlns:a="http://www.w3.org/2001/XMLSchema"/></Attribute></Attributes><ChildElements/><ElementName>child</ElementName><required>true</required><NameAttribute z:Ref="i447"/></URDFElement><URDFElement z:Id="i448" i:type="Axis"><Attributes><Attribute z:Id="i449"><AttributeType>xyz</AttributeType><IsRequired>true</IsRequired><Value i:type="a:ArrayOfdouble" xmlns:a="http://schemas.microsoft.com/2003/10/Serialization/Arrays"><a:double>0</a:double><a:double>0</a:double><a:double>0</a:double></Value></Attribute></Attributes><ChildElements/><ElementName>axis</ElementName><required>false</required><XYZAttribute z:Ref="i449"/></URDFElement><URDFElement z:Id="i450" i:type="Limit"><Attributes><Attribute z:Id="i451"><AttributeType>lower</AttributeType><IsRequired>false</IsRequired><Value i:nil="true"/></Attribute><Attribute z:Id="i452"><AttributeType>upper</AttributeType><IsRequired>false</IsRequired><Value i:nil="true"/></Attribute><Attribute z:Id="i453"><AttributeType>effort</AttributeType><IsRequired>true</IsRequired><Value i:nil="true"/></Attribute><Attribute z:Id="i454"><AttributeType>velocity</AttributeType><IsRequired>true</IsRequired><Value i:nil="true"/></Attribute></Attributes><ChildElements/><ElementName>limit</ElementName><required>false</required><EffortAttribute z:Ref="i453"/><LowerAttribute z:Ref="i451"/><UpperAttribute z:Ref="i452"/><VelocityAttribute z:Ref="i454"/></URDFElement><URDFElement z:Id="i455" i:type="Calibration"><Attributes><Attribute z:Id="i456"><AttributeType>rising</AttributeType><IsRequired>false</IsRequired><Value i:nil="true"/></Attribute><Attribute z:Id="i457"><AttributeType>falling</AttributeType><IsRequired>false</IsRequired><Value i:nil="true"/></Attribute></Attributes><ChildElements/><ElementName>calibration</ElementName><required>false</required><FallingAttribute z:Ref="i457"/><RisingAttribute z:Ref="i456"/></URDFElement><URDFElement z:Id="i458" i:type="Dynamics"><Attributes><Attribute z:Id="i459"><AttributeType>damping</AttributeType><IsRequired>false</IsRequired><Value i:nil="true"/></Attribute><Attribute z:Id="i460"><AttributeType>friction</AttributeType><IsRequired>false</IsRequired><Value i:nil="true"/></Attribute></Attributes><ChildElements/><ElementName>dynamics</ElementName><required>false</required><DampingAttribute z:Ref="i459"/><FrictionAttribute z:Ref="i460"/></URDFElement><URDFElement z:Id="i461" i:type="SafetyController"><Attributes><Attribute z:Id="i462"><AttributeType>soft_upper_limit</AttributeType><IsRequired>false</IsRequired><Value i:nil="true"/></Attribute><Attribute z:Id="i463"><AttributeType>soft_lower_limit</AttributeType><IsRequired>false</IsRequired><Value i:nil="true"/></Attribute><Attribute z:Id="i464"><AttributeType>k_position</AttributeType><IsRequired>false</IsRequired><Value i:nil="true"/></Attribute><Attribute z:Id="i465"><AttributeType>k_velocity</AttributeType><IsRequired>true</IsRequired><Value i:nil="true"/></Attribute></Attributes><ChildElements/><ElementName>safety_controller</ElementName><required>false</required><KPositionAttribute z:Ref="i464"/><KVelocityAttribute z:Ref="i465"/><SoftLowerAttribute z:Ref="i463"/><SoftUpperAttribute z:Ref="i462"/></URDFElement><URDFElement z:Id="i466" i:type="Mimic"><Attributes><Attribute z:Id="i467"><AttributeType>joint</AttributeType><IsRequired>true</IsRequired><Value i:nil="true"/></Attribute><Attribute z:Id="i468"><AttributeType>multiplier</AttributeType><IsRequired>false</IsRequired><Value i:nil="true"/></Attribute><Attribute z:Id="i469"><AttributeType>offset</AttributeType><IsRequired>false</IsRequired><Value i:nil="true"/></Attribute></Attributes><ChildElements/><ElementName>mimic</ElementName><required>false</required><JointNameAttribute z:Ref="i467"/><MultiplierAttribute z:Ref="i468"/><OffsetAttribute z:Ref="i469"/></URDFElement></ChildElements><ElementName>joint</ElementName><required>false</required><Axis z:Ref="i448"/><AxisName>Lidar_axis</AxisName><Calibration z:Ref="i455"/><Child z:Ref="i446"/><CoordinateSystemName>Lidar_Link</CoordinateSystemName><Dynamics z:Ref="i458"/><Limit z:Ref="i450"/><Mimic z:Ref="i466"/><NameAttribute z:Ref="i439"/><Origin z:Ref="i441"/><Parent z:Ref="i444"/><Safety z:Ref="i461"/><TypeAttribute z:Ref="i440"/></URDFElement></ChildElements><ElementName>link</ElementName><required>true</required><Children/><Collision z:Ref="i431"/><Inertial z:Ref="i405"/><Joint z:Ref="i438"/><NameAttribute z:Ref="i404"/><Parent z:Ref="i1"/><STLQualityFine>false</STLQualityFine><SWComponentPIDs xmlns:a="http://schemas.microsoft.com/2003/10/Serialization/Arrays"><a:base64Binary>aEIAAAUAAAD//v8VUgBQAEwASQBEAEEAUgAgAEMAMQAtADEAQABzAGkAbQBwAGwAaQBmAHkABAAAABAAAAABAAAAAQAAALQBAAA=</a:base64Binary></SWComponentPIDs><SWMainComponentPID i:nil="true"/><Visual z:Ref="i418"/><isFixedFrame>false</isFixedFrame><isIncomplete>false</isIncomplete></Link><Link z:Id="i470"><Attributes><Attribute z:Id="i471"><AttributeType>name</AttributeType><IsRequired>true</IsRequired><Value i:type="a:string" xmlns:a="http://www.w3.org/2001/XMLSchema">TFR_wheel</Value></Attribute></Attributes><ChildElements><URDFElement z:Id="i472" i:type="Inertial"><Attributes/><ChildElements><URDFElement z:Id="i473" i:type="Origin"><Attributes><Attribute z:Id="i474"><AttributeType>xyz</AttributeType><IsRequired>true</IsRequired><Value i:type="a:ArrayOfdouble" xmlns:a="http://schemas.microsoft.com/2003/10/Serialization/Arrays"><a:double>0</a:double><a:double>0</a:double><a:double>0</a:double></Value></Attribute><Attribute z:Id="i475"><AttributeType>rpy</AttributeType><IsRequired>true</IsRequired><Value i:type="a:ArrayOfdouble" xmlns:a="http://schemas.microsoft.com/2003/10/Serialization/Arrays"><a:double>0</a:double><a:double>0</a:double><a:double>0</a:double></Value></Attribute></Attributes><ChildElements/><ElementName>origin</ElementName><required>false</required><RPYAttribute z:Ref="i475"/><XYZAttribute z:Ref="i474"/><isCustomized>false</isCustomized></URDFElement><URDFElement z:Id="i476" i:type="Mass"><Attributes><Attribute z:Id="i477"><AttributeType>value</AttributeType><IsRequired>true</IsRequired><Value i:type="a:double" xmlns:a="http://www.w3.org/2001/XMLSchema">0</Value></Attribute></Attributes><ChildElements/><ElementName>mass</ElementName><required>false</required><ValueAttribute z:Ref="i477"/></URDFElement><URDFElement z:Id="i478" i:type="Inertia"><Attributes><Attribute z:Id="i479"><AttributeType>ixx</AttributeType><IsRequired>true</IsRequired><Value i:type="a:double" xmlns:a="http://www.w3.org/2001/XMLSchema">0</Value></Attribute><Attribute z:Id="i480"><AttributeType>ixy</AttributeType><IsRequired>true</IsRequired><Value i:type="a:double" xmlns:a="http://www.w3.org/2001/XMLSchema">0</Value></Attribute><Attribute z:Id="i481"><AttributeType>ixz</AttributeType><IsRequired>true</IsRequired><Value i:type="a:double" xmlns:a="http://www.w3.org/2001/XMLSchema">0</Value></Attribute><Attribute z:Id="i482"><AttributeType>iyy</AttributeType><IsRequired>true</IsRequired><Value i:type="a:double" xmlns:a="http://www.w3.org/2001/XMLSchema">0</Value></Attribute><Attribute z:Id="i483"><AttributeType>iyz</AttributeType><IsRequired>true</IsRequired><Value i:type="a:double" xmlns:a="http://www.w3.org/2001/XMLSchema">0</Value></Attribute><Attribute z:Id="i484"><AttributeType>izz</AttributeType><IsRequired>true</IsRequired><Value i:type="a:double" xmlns:a="http://www.w3.org/2001/XMLSchema">0</Value></Attribute></Attributes><ChildElements/><ElementName>inertia</ElementName><required>false</required><IxxAttribute z:Ref="i479"/><IxyAttribute z:Ref="i480"/><IxzAttribute z:Ref="i481"/><IyyAttribute z:Ref="i482"/><IyzAttribute z:Ref="i483"/><IzzAttribute z:Ref="i484"/></URDFElement></ChildElements><ElementName>inertial</ElementName><required>false</required><Inertia z:Ref="i478"/><Mass z:Ref="i476"/><Origin z:Ref="i473"/></URDFElement><URDFElement z:Id="i485" i:type="Visual"><Attributes/><ChildElements><URDFElement z:Id="i486" i:type="Origin"><Attributes><Attribute z:Id="i487"><AttributeType>xyz</AttributeType><IsRequired>true</IsRequired><Value i:type="a:ArrayOfdouble" xmlns:a="http://schemas.microsoft.com/2003/10/Serialization/Arrays"><a:double>0</a:double><a:double>0</a:double><a:double>0</a:double></Value></Attribute><Attribute z:Id="i488"><AttributeType>rpy</AttributeType><IsRequired>true</IsRequired><Value i:type="a:ArrayOfdouble" xmlns:a="http://schemas.microsoft.com/2003/10/Serialization/Arrays"><a:double>0</a:double><a:double>0</a:double><a:double>0</a:double></Value></Attribute></Attributes><ChildElements/><ElementName>origin</ElementName><required>false</required><RPYAttribute z:Ref="i488"/><XYZAttribute z:Ref="i487"/><isCustomized>false</isCustomized></URDFElement><URDFElement z:Id="i489" i:type="Geometry"><Attributes/><ChildElements><URDFElement z:Id="i490" i:type="Mesh"><Attributes><Attribute z:Id="i491"><AttributeType>filename</AttributeType><IsRequired>true</IsRequired><Value i:nil="true"/></Attribute></Attributes><ChildElements/><ElementName>mesh</ElementName><required>false</required><FilenameAttribute z:Ref="i491"/></URDFElement></ChildElements><ElementName>geometry</ElementName><required>true</required><Mesh z:Ref="i490"/></URDFElement><URDFElement z:Id="i492" i:type="Material"><Attributes><Attribute z:Id="i493"><AttributeType>name</AttributeType><IsRequired>true</IsRequired><Value i:type="a:string" xmlns:a="http://www.w3.org/2001/XMLSchema"/></Attribute></Attributes><ChildElements><URDFElement z:Id="i494" i:type="Color"><Attributes><Attribute z:Id="i495"><AttributeType>rgba</AttributeType><IsRequired>true</IsRequired><Value i:type="a:ArrayOfdouble" xmlns:a="http://schemas.microsoft.com/2003/10/Serialization/Arrays"><a:double>1</a:double><a:double>1</a:double><a:double>1</a:double><a:double>1</a:double></Value></Attribute></Attributes><ChildElements/><ElementName>color</ElementName><required>false</required><RGBAAttribute z:Ref="i495"/></URDFElement><URDFElement z:Id="i496" i:type="Texture"><Attributes><Attribute z:Id="i497"><AttributeType>filename</AttributeType><IsRequired>true</IsRequired><Value i:nil="true"/></Attribute></Attributes><ChildElements/><ElementName>texture</ElementName><required>false</required><FilenameAttribute z:Ref="i497"/><wFilename/></URDFElement></ChildElements><ElementName>material</ElementName><required>false</required><Color z:Ref="i494"/><NameAttribute z:Ref="i493"/><Texture z:Ref="i496"/></URDFElement></ChildElements><ElementName>visual</ElementName><required>false</required><Geometry z:Ref="i489"/><Material z:Ref="i492"/><Origin z:Ref="i486"/></URDFElement><URDFElement z:Id="i498" i:type="Collision"><Attributes/><ChildElements><URDFElement z:Id="i499" i:type="Origin"><Attributes><Attribute z:Id="i500"><AttributeType>xyz</AttributeType><IsRequired>true</IsRequired><Value i:type="a:ArrayOfdouble" xmlns:a="http://schemas.microsoft.com/2003/10/Serialization/Arrays"><a:double>0</a:double><a:double>0</a:double><a:double>0</a:double></Value></Attribute><Attribute z:Id="i501"><AttributeType>rpy</AttributeType><IsRequired>true</IsRequired><Value i:type="a:ArrayOfdouble" xmlns:a="http://schemas.microsoft.com/2003/10/Serialization/Arrays"><a:double>0</a:double><a:double>0</a:double><a:double>0</a:double></Value></Attribute></Attributes><ChildElements/><ElementName>origin</ElementName><required>false</required><RPYAttribute z:Ref="i501"/><XYZAttribute z:Ref="i500"/><isCustomized>false</isCustomized></URDFElement><URDFElement z:Id="i502" i:type="Geometry"><Attributes/><ChildElements><URDFElement z:Id="i503" i:type="Mesh"><Attributes><Attribute z:Id="i504"><AttributeType>filename</AttributeType><IsRequired>true</IsRequired><Value i:nil="true"/></Attribute></Attributes><ChildElements/><ElementName>mesh</ElementName><required>false</required><FilenameAttribute z:Ref="i504"/></URDFElement></ChildElements><ElementName>geometry</ElementName><required>true</required><Mesh z:Ref="i503"/></URDFElement></ChildElements><ElementName>collision</ElementName><required>false</required><Geometry z:Ref="i502"/><Origin z:Ref="i499"/></URDFElement><URDFElement z:Id="i505" i:type="Joint"><Attributes><Attribute z:Id="i506"><AttributeType>name</AttributeType><IsRequired>true</IsRequired><Value i:type="a:string" xmlns:a="http://www.w3.org/2001/XMLSchema">TFR_wheel</Value></Attribute><Attribute z:Id="i507"><AttributeType>type</AttributeType><IsRequired>true</IsRequired><Value i:type="a:string" xmlns:a="http://www.w3.org/2001/XMLSchema">revolute</Value></Attribute></Attributes><ChildElements><URDFElement z:Id="i508" i:type="Origin"><Attributes><Attribute z:Id="i509"><AttributeType>xyz</AttributeType><IsRequired>true</IsRequired><Value i:type="a:ArrayOfdouble" xmlns:a="http://schemas.microsoft.com/2003/10/Serialization/Arrays"><a:double>0</a:double><a:double>0</a:double><a:double>0</a:double></Value></Attribute><Attribute z:Id="i510"><AttributeType>rpy</AttributeType><IsRequired>true</IsRequired><Value i:type="a:ArrayOfdouble" xmlns:a="http://schemas.microsoft.com/2003/10/Serialization/Arrays"><a:double>0</a:double><a:double>0</a:double><a:double>0</a:double></Value></Attribute></Attributes><ChildElements/><ElementName>origin</ElementName><required>false</required><RPYAttribute z:Ref="i510"/><XYZAttribute z:Ref="i509"/><isCustomized>false</isCustomized></URDFElement><URDFElement z:Id="i511" i:type="ParentLink"><Attributes><Attribute z:Id="i512"><AttributeType>link</AttributeType><IsRequired>true</IsRequired><Value i:type="a:string" xmlns:a="http://www.w3.org/2001/XMLSchema"/></Attribute></Attributes><ChildElements/><ElementName>parent</ElementName><required>true</required><NameAttribute z:Ref="i512"/></URDFElement><URDFElement z:Id="i513" i:type="ChildLink"><Attributes><Attribute z:Id="i514"><AttributeType>link</AttributeType><IsRequired>true</IsRequired><Value i:type="a:string" xmlns:a="http://www.w3.org/2001/XMLSchema"/></Attribute></Attributes><ChildElements/><ElementName>child</ElementName><required>true</required><NameAttribute z:Ref="i514"/></URDFElement><URDFElement z:Id="i515" i:type="Axis"><Attributes><Attribute z:Id="i516"><AttributeType>xyz</AttributeType><IsRequired>true</IsRequired><Value i:type="a:ArrayOfdouble" xmlns:a="http://schemas.microsoft.com/2003/10/Serialization/Arrays"><a:double>0</a:double><a:double>0</a:double><a:double>0</a:double></Value></Attribute></Attributes><ChildElements/><ElementName>axis</ElementName><required>false</required><XYZAttribute z:Ref="i516"/></URDFElement><URDFElement z:Id="i517" i:type="Limit"><Attributes><Attribute z:Id="i518"><AttributeType>lower</AttributeType><IsRequired>false</IsRequired><Value i:nil="true"/></Attribute><Attribute z:Id="i519"><AttributeType>upper</AttributeType><IsRequired>false</IsRequired><Value i:nil="true"/></Attribute><Attribute z:Id="i520"><AttributeType>effort</AttributeType><IsRequired>true</IsRequired><Value i:nil="true"/></Attribute><Attribute z:Id="i521"><AttributeType>velocity</AttributeType><IsRequired>true</IsRequired><Value i:nil="true"/></Attribute></Attributes><ChildElements/><ElementName>limit</ElementName><required>false</required><EffortAttribute z:Ref="i520"/><LowerAttribute z:Ref="i518"/><UpperAttribute z:Ref="i519"/><VelocityAttribute z:Ref="i521"/></URDFElement><URDFElement z:Id="i522" i:type="Calibration"><Attributes><Attribute z:Id="i523"><AttributeType>rising</AttributeType><IsRequired>false</IsRequired><Value i:nil="true"/></Attribute><Attribute z:Id="i524"><AttributeType>falling</AttributeType><IsRequired>false</IsRequired><Value i:nil="true"/></Attribute></Attributes><ChildElements/><ElementName>calibration</ElementName><required>false</required><FallingAttribute z:Ref="i524"/><RisingAttribute z:Ref="i523"/></URDFElement><URDFElement z:Id="i525" i:type="Dynamics"><Attributes><Attribute z:Id="i526"><AttributeType>damping</AttributeType><IsRequired>false</IsRequired><Value i:nil="true"/></Attribute><Attribute z:Id="i527"><AttributeType>friction</AttributeType><IsRequired>false</IsRequired><Value i:nil="true"/></Attribute></Attributes><ChildElements/><ElementName>dynamics</ElementName><required>false</required><DampingAttribute z:Ref="i526"/><FrictionAttribute z:Ref="i527"/></URDFElement><URDFElement z:Id="i528" i:type="SafetyController"><Attributes><Attribute z:Id="i529"><AttributeType>soft_upper_limit</AttributeType><IsRequired>false</IsRequired><Value i:nil="true"/></Attribute><Attribute z:Id="i530"><AttributeType>soft_lower_limit</AttributeType><IsRequired>false</IsRequired><Value i:nil="true"/></Attribute><Attribute z:Id="i531"><AttributeType>k_position</AttributeType><IsRequired>false</IsRequired><Value i:nil="true"/></Attribute><Attribute z:Id="i532"><AttributeType>k_velocity</AttributeType><IsRequired>true</IsRequired><Value i:nil="true"/></Attribute></Attributes><ChildElements/><ElementName>safety_controller</ElementName><required>false</required><KPositionAttribute z:Ref="i531"/><KVelocityAttribute z:Ref="i532"/><SoftLowerAttribute z:Ref="i530"/><SoftUpperAttribute z:Ref="i529"/></URDFElement><URDFElement z:Id="i533" i:type="Mimic"><Attributes><Attribute z:Id="i534"><AttributeType>joint</AttributeType><IsRequired>true</IsRequired><Value i:nil="true"/></Attribute><Attribute z:Id="i535"><AttributeType>multiplier</AttributeType><IsRequired>false</IsRequired><Value i:nil="true"/></Attribute><Attribute z:Id="i536"><AttributeType>offset</AttributeType><IsRequired>false</IsRequired><Value i:nil="true"/></Attribute></Attributes><ChildElements/><ElementName>mimic</ElementName><required>false</required><JointNameAttribute z:Ref="i534"/><MultiplierAttribute z:Ref="i535"/><OffsetAttribute z:Ref="i536"/></URDFElement></ChildElements><ElementName>joint</ElementName><required>false</required><Axis z:Ref="i515"/><AxisName>TFR_Axis</AxisName><Calibration z:Ref="i522"/><Child z:Ref="i513"/><CoordinateSystemName>TurnRight_Link</CoordinateSystemName><Dynamics z:Ref="i525"/><Limit z:Ref="i517"/><Mimic z:Ref="i533"/><NameAttribute z:Ref="i506"/><Origin z:Ref="i508"/><Parent z:Ref="i511"/><Safety z:Ref="i528"/><TypeAttribute z:Ref="i507"/></URDFElement></ChildElements><ElementName>link</ElementName><required>true</required><Children/><Collision z:Ref="i498"/><Inertial z:Ref="i472"/><Joint z:Ref="i505"/><NameAttribute z:Ref="i471"/><Parent z:Ref="i1"/><STLQualityFine>false</STLQualityFine><SWComponentPIDs xmlns:a="http://schemas.microsoft.com/2003/10/Serialization/Arrays"/><SWMainComponentPID i:nil="true"/><Visual z:Ref="i485"/><isFixedFrame>false</isFixedFrame><isIncomplete>false</isIncomplete></Link><Link z:Id="i537"><Attributes><Attribute z:Id="i538"><AttributeType>name</AttributeType><IsRequired>true</IsRequired><Value i:type="a:string" xmlns:a="http://www.w3.org/2001/XMLSchema">TFL_wheel</Value></Attribute></Attributes><ChildElements><URDFElement z:Id="i539" i:type="Inertial"><Attributes/><ChildElements><URDFElement z:Id="i540" i:type="Origin"><Attributes><Attribute z:Id="i541"><AttributeType>xyz</AttributeType><IsRequired>true</IsRequired><Value i:type="a:ArrayOfdouble" xmlns:a="http://schemas.microsoft.com/2003/10/Serialization/Arrays"><a:double>0</a:double><a:double>0</a:double><a:double>0</a:double></Value></Attribute><Attribute z:Id="i542"><AttributeType>rpy</AttributeType><IsRequired>true</IsRequired><Value i:type="a:ArrayOfdouble" xmlns:a="http://schemas.microsoft.com/2003/10/Serialization/Arrays"><a:double>0</a:double><a:double>0</a:double><a:double>0</a:double></Value></Attribute></Attributes><ChildElements/><ElementName>origin</ElementName><required>false</required><RPYAttribute z:Ref="i542"/><XYZAttribute z:Ref="i541"/><isCustomized>false</isCustomized></URDFElement><URDFElement z:Id="i543" i:type="Mass"><Attributes><Attribute z:Id="i544"><AttributeType>value</AttributeType><IsRequired>true</IsRequired><Value i:type="a:double" xmlns:a="http://www.w3.org/2001/XMLSchema">0</Value></Attribute></Attributes><ChildElements/><ElementName>mass</ElementName><required>false</required><ValueAttribute z:Ref="i544"/></URDFElement><URDFElement z:Id="i545" i:type="Inertia"><Attributes><Attribute z:Id="i546"><AttributeType>ixx</AttributeType><IsRequired>true</IsRequired><Value i:type="a:double" xmlns:a="http://www.w3.org/2001/XMLSchema">0</Value></Attribute><Attribute z:Id="i547"><AttributeType>ixy</AttributeType><IsRequired>true</IsRequired><Value i:type="a:double" xmlns:a="http://www.w3.org/2001/XMLSchema">0</Value></Attribute><Attribute z:Id="i548"><AttributeType>ixz</AttributeType><IsRequired>true</IsRequired><Value i:type="a:double" xmlns:a="http://www.w3.org/2001/XMLSchema">0</Value></Attribute><Attribute z:Id="i549"><AttributeType>iyy</AttributeType><IsRequired>true</IsRequired><Value i:type="a:double" xmlns:a="http://www.w3.org/2001/XMLSchema">0</Value></Attribute><Attribute z:Id="i550"><AttributeType>iyz</AttributeType><IsRequired>true</IsRequired><Value i:type="a:double" xmlns:a="http://www.w3.org/2001/XMLSchema">0</Value></Attribute><Attribute z:Id="i551"><AttributeType>izz</AttributeType><IsRequired>true</IsRequired><Value i:type="a:double" xmlns:a="http://www.w3.org/2001/XMLSchema">0</Value></Attribute></Attributes><ChildElements/><ElementName>inertia</ElementName><required>false</required><IxxAttribute z:Ref="i546"/><IxyAttribute z:Ref="i547"/><IxzAttribute z:Ref="i548"/><IyyAttribute z:Ref="i549"/><IyzAttribute z:Ref="i550"/><IzzAttribute z:Ref="i551"/></URDFElement></ChildElements><ElementName>inertial</ElementName><required>false</required><Inertia z:Ref="i545"/><Mass z:Ref="i543"/><Origin z:Ref="i540"/></URDFElement><URDFElement z:Id="i552" i:type="Visual"><Attributes/><ChildElements><URDFElement z:Id="i553" i:type="Origin"><Attributes><Attribute z:Id="i554"><AttributeType>xyz</AttributeType><IsRequired>true</IsRequired><Value i:type="a:ArrayOfdouble" xmlns:a="http://schemas.microsoft.com/2003/10/Serialization/Arrays"><a:double>0</a:double><a:double>0</a:double><a:double>0</a:double></Value></Attribute><Attribute z:Id="i555"><AttributeType>rpy</AttributeType><IsRequired>true</IsRequired><Value i:type="a:ArrayOfdouble" xmlns:a="http://schemas.microsoft.com/2003/10/Serialization/Arrays"><a:double>0</a:double><a:double>0</a:double><a:double>0</a:double></Value></Attribute></Attributes><ChildElements/><ElementName>origin</ElementName><required>false</required><RPYAttribute z:Ref="i555"/><XYZAttribute z:Ref="i554"/><isCustomized>false</isCustomized></URDFElement><URDFElement z:Id="i556" i:type="Geometry"><Attributes/><ChildElements><URDFElement z:Id="i557" i:type="Mesh"><Attributes><Attribute z:Id="i558"><AttributeType>filename</AttributeType><IsRequired>true</IsRequired><Value i:nil="true"/></Attribute></Attributes><ChildElements/><ElementName>mesh</ElementName><required>false</required><FilenameAttribute z:Ref="i558"/></URDFElement></ChildElements><ElementName>geometry</ElementName><required>true</required><Mesh z:Ref="i557"/></URDFElement><URDFElement z:Id="i559" i:type="Material"><Attributes><Attribute z:Id="i560"><AttributeType>name</AttributeType><IsRequired>true</IsRequired><Value i:type="a:string" xmlns:a="http://www.w3.org/2001/XMLSchema"/></Attribute></Attributes><ChildElements><URDFElement z:Id="i561" i:type="Color"><Attributes><Attribute z:Id="i562"><AttributeType>rgba</AttributeType><IsRequired>true</IsRequired><Value i:type="a:ArrayOfdouble" xmlns:a="http://schemas.microsoft.com/2003/10/Serialization/Arrays"><a:double>1</a:double><a:double>1</a:double><a:double>1</a:double><a:double>1</a:double></Value></Attribute></Attributes><ChildElements/><ElementName>color</ElementName><required>false</required><RGBAAttribute z:Ref="i562"/></URDFElement><URDFElement z:Id="i563" i:type="Texture"><Attributes><Attribute z:Id="i564"><AttributeType>filename</AttributeType><IsRequired>true</IsRequired><Value i:nil="true"/></Attribute></Attributes><ChildElements/><ElementName>texture</ElementName><required>false</required><FilenameAttribute z:Ref="i564"/><wFilename/></URDFElement></ChildElements><ElementName>material</ElementName><required>false</required><Color z:Ref="i561"/><NameAttribute z:Ref="i560"/><Texture z:Ref="i563"/></URDFElement></ChildElements><ElementName>visual</ElementName><required>false</required><Geometry z:Ref="i556"/><Material z:Ref="i559"/><Origin z:Ref="i553"/></URDFElement><URDFElement z:Id="i565" i:type="Collision"><Attributes/><ChildElements><URDFElement z:Id="i566" i:type="Origin"><Attributes><Attribute z:Id="i567"><AttributeType>xyz</AttributeType><IsRequired>true</IsRequired><Value i:type="a:ArrayOfdouble" xmlns:a="http://schemas.microsoft.com/2003/10/Serialization/Arrays"><a:double>0</a:double><a:double>0</a:double><a:double>0</a:double></Value></Attribute><Attribute z:Id="i568"><AttributeType>rpy</AttributeType><IsRequired>true</IsRequired><Value i:type="a:ArrayOfdouble" xmlns:a="http://schemas.microsoft.com/2003/10/Serialization/Arrays"><a:double>0</a:double><a:double>0</a:double><a:double>0</a:double></Value></Attribute></Attributes><ChildElements/><ElementName>origin</ElementName><required>false</required><RPYAttribute z:Ref="i568"/><XYZAttribute z:Ref="i567"/><isCustomized>false</isCustomized></URDFElement><URDFElement z:Id="i569" i:type="Geometry"><Attributes/><ChildElements><URDFElement z:Id="i570" i:type="Mesh"><Attributes><Attribute z:Id="i571"><AttributeType>filename</AttributeType><IsRequired>true</IsRequired><Value i:nil="true"/></Attribute></Attributes><ChildElements/><ElementName>mesh</ElementName><required>false</required><FilenameAttribute z:Ref="i571"/></URDFElement></ChildElements><ElementName>geometry</ElementName><required>true</required><Mesh z:Ref="i570"/></URDFElement></ChildElements><ElementName>collision</ElementName><required>false</required><Geometry z:Ref="i569"/><Origin z:Ref="i566"/></URDFElement><URDFElement z:Id="i572" i:type="Joint"><Attributes><Attribute z:Id="i573"><AttributeType>name</AttributeType><IsRequired>true</IsRequired><Value i:type="a:string" xmlns:a="http://www.w3.org/2001/XMLSchema">TFL_wheel</Value></Attribute><Attribute z:Id="i574"><AttributeType>type</AttributeType><IsRequired>true</IsRequired><Value i:type="a:string" xmlns:a="http://www.w3.org/2001/XMLSchema">revolute</Value></Attribute></Attributes><ChildElements><URDFElement z:Id="i575" i:type="Origin"><Attributes><Attribute z:Id="i576"><AttributeType>xyz</AttributeType><IsRequired>true</IsRequired><Value i:type="a:ArrayOfdouble" xmlns:a="http://schemas.microsoft.com/2003/10/Serialization/Arrays"><a:double>0</a:double><a:double>0</a:double><a:double>0</a:double></Value></Attribute><Attribute z:Id="i577"><AttributeType>rpy</AttributeType><IsRequired>true</IsRequired><Value i:type="a:ArrayOfdouble" xmlns:a="http://schemas.microsoft.com/2003/10/Serialization/Arrays"><a:double>0</a:double><a:double>0</a:double><a:double>0</a:double></Value></Attribute></Attributes><ChildElements/><ElementName>origin</ElementName><required>false</required><RPYAttribute z:Ref="i577"/><XYZAttribute z:Ref="i576"/><isCustomized>false</isCustomized></URDFElement><URDFElement z:Id="i578" i:type="ParentLink"><Attributes><Attribute z:Id="i579"><AttributeType>link</AttributeType><IsRequired>true</IsRequired><Value i:type="a:string" xmlns:a="http://www.w3.org/2001/XMLSchema"/></Attribute></Attributes><ChildElements/><ElementName>parent</ElementName><required>true</required><NameAttribute z:Ref="i579"/></URDFElement><URDFElement z:Id="i580" i:type="ChildLink"><Attributes><Attribute z:Id="i581"><AttributeType>link</AttributeType><IsRequired>true</IsRequired><Value i:type="a:string" xmlns:a="http://www.w3.org/2001/XMLSchema"/></Attribute></Attributes><ChildElements/><ElementName>child</ElementName><required>true</required><NameAttribute z:Ref="i581"/></URDFElement><URDFElement z:Id="i582" i:type="Axis"><Attributes><Attribute z:Id="i583"><AttributeType>xyz</AttributeType><IsRequired>true</IsRequired><Value i:type="a:ArrayOfdouble" xmlns:a="http://schemas.microsoft.com/2003/10/Serialization/Arrays"><a:double>0</a:double><a:double>0</a:double><a:double>0</a:double></Value></Attribute></Attributes><ChildElements/><ElementName>axis</ElementName><required>false</required><XYZAttribute z:Ref="i583"/></URDFElement><URDFElement z:Id="i584" i:type="Limit"><Attributes><Attribute z:Id="i585"><AttributeType>lower</AttributeType><IsRequired>false</IsRequired><Value i:nil="true"/></Attribute><Attribute z:Id="i586"><AttributeType>upper</AttributeType><IsRequired>false</IsRequired><Value i:nil="true"/></Attribute><Attribute z:Id="i587"><AttributeType>effort</AttributeType><IsRequired>true</IsRequired><Value i:nil="true"/></Attribute><Attribute z:Id="i588"><AttributeType>velocity</AttributeType><IsRequired>true</IsRequired><Value i:nil="true"/></Attribute></Attributes><ChildElements/><ElementName>limit</ElementName><required>false</required><EffortAttribute z:Ref="i587"/><LowerAttribute z:Ref="i585"/><UpperAttribute z:Ref="i586"/><VelocityAttribute z:Ref="i588"/></URDFElement><URDFElement z:Id="i589" i:type="Calibration"><Attributes><Attribute z:Id="i590"><AttributeType>rising</AttributeType><IsRequired>false</IsRequired><Value i:nil="true"/></Attribute><Attribute z:Id="i591"><AttributeType>falling</AttributeType><IsRequired>false</IsRequired><Value i:nil="true"/></Attribute></Attributes><ChildElements/><ElementName>calibration</ElementName><required>false</required><FallingAttribute z:Ref="i591"/><RisingAttribute z:Ref="i590"/></URDFElement><URDFElement z:Id="i592" i:type="Dynamics"><Attributes><Attribute z:Id="i593"><AttributeType>damping</AttributeType><IsRequired>false</IsRequired><Value i:nil="true"/></Attribute><Attribute z:Id="i594"><AttributeType>friction</AttributeType><IsRequired>false</IsRequired><Value i:nil="true"/></Attribute></Attributes><ChildElements/><ElementName>dynamics</ElementName><required>false</required><DampingAttribute z:Ref="i593"/><FrictionAttribute z:Ref="i594"/></URDFElement><URDFElement z:Id="i595" i:type="SafetyController"><Attributes><Attribute z:Id="i596"><AttributeType>soft_upper_limit</AttributeType><IsRequired>false</IsRequired><Value i:nil="true"/></Attribute><Attribute z:Id="i597"><AttributeType>soft_lower_limit</AttributeType><IsRequired>false</IsRequired><Value i:nil="true"/></Attribute><Attribute z:Id="i598"><AttributeType>k_position</AttributeType><IsRequired>false</IsRequired><Value i:nil="true"/></Attribute><Attribute z:Id="i599"><AttributeType>k_velocity</AttributeType><IsRequired>true</IsRequired><Value i:nil="true"/></Attribute></Attributes><ChildElements/><ElementName>safety_controller</ElementName><required>false</required><KPositionAttribute z:Ref="i598"/><KVelocityAttribute z:Ref="i599"/><SoftLowerAttribute z:Ref="i597"/><SoftUpperAttribute z:Ref="i596"/></URDFElement><URDFElement z:Id="i600" i:type="Mimic"><Attributes><Attribute z:Id="i601"><AttributeType>joint</AttributeType><IsRequired>true</IsRequired><Value i:nil="true"/></Attribute><Attribute z:Id="i602"><AttributeType>multiplier</AttributeType><IsRequired>false</IsRequired><Value i:nil="true"/></Attribute><Attribute z:Id="i603"><AttributeType>offset</AttributeType><IsRequired>false</IsRequired><Value i:nil="true"/></Attribute></Attributes><ChildElements/><ElementName>mimic</ElementName><required>false</required><JointNameAttribute z:Ref="i601"/><MultiplierAttribute z:Ref="i602"/><OffsetAttribute z:Ref="i603"/></URDFElement></ChildElements><ElementName>joint</ElementName><required>false</required><Axis z:Ref="i582"/><AxisName>TFL_Axis</AxisName><Calibration z:Ref="i589"/><Child z:Ref="i580"/><CoordinateSystemName>TurnLeft_Link</CoordinateSystemName><Dynamics z:Ref="i592"/><Limit z:Ref="i584"/><Mimic z:Ref="i600"/><NameAttribute z:Ref="i573"/><Origin z:Ref="i575"/><Parent z:Ref="i578"/><Safety z:Ref="i595"/><TypeAttribute z:Ref="i574"/></URDFElement></ChildElements><ElementName>link</ElementName><required>true</required><Children/><Collision z:Ref="i565"/><Inertial z:Ref="i539"/><Joint z:Ref="i572"/><NameAttribute z:Ref="i538"/><Parent z:Ref="i1"/><STLQualityFine>false</STLQualityFine><SWComponentPIDs xmlns:a="http://schemas.microsoft.com/2003/10/Serialization/Arrays"/><SWMainComponentPID i:nil="true"/><Visual z:Ref="i552"/><isFixedFrame>false</isFixedFrame><isIncomplete>false</isIncomplete></Link></Children><Collision z:Ref="i29"/><Inertial z:Ref="i3"/><Joint z:Ref="i36"/><NameAttribute z:Ref="i2"/><Parent i:nil="true"/><STLQualityFine>false</STLQualityFine><SWComponentPIDs xmlns:a="http://schemas.microsoft.com/2003/10/Serialization/Arrays"><a:base64Binary>aEIAAAUAAAD//v8YbgB1AGMAdQBuAGQAZQByAHUAcABwAGUAcgAtADEAQABzAGkAbQBwAGwAaQBmAHkABAAAABAAAAABAAAAAQAAALsBAAA=</a:base64Binary><a:base64Binary>aEIAAAUAAAD//v8XbgB1AGMAdQBuAGQAZQByAGwAeQBlAHIALQAxAEAAcwBpAG0AcABsAGkAZgB5AAQAAAAQAAAAAQAAAAEAAACnAQAA</a:base64Binary><a:base64Binary>aEIAAAUAAAD//v8VUABhAHIAdAA0AC0AZQBkAGkAdAAtADEAQABzAGkAbQBwAGwAaQBmAHkABAAAABAAAAABAAAAAQAAAHsAAAA=</a:base64Binary><a:base64Binary>aEIAAAUAAAD//v8QUABhAHIAdAAyAC0AMQBAAHMAaQBtAHAAbABpAGYAeQAEAAAAEAAAAAEAAAABAAAAvgIAAA==</a:base64Binary><a:base64Binary>aEIAAAUAAAD//v8RYgB1AG0AcABlAHIALQAyAEAAcwBpAG0AcABsAGkAZgB5AAQAAAAQAAAAAQAAAAEAAAD6AgAA</a:base64Binary><a:base64Binary>aEIAAAUAAAD//v8YQgBhAHQAdABlAHIAeQBoAG8AbABkAGUAcgAtADIAQABzAGkAbQBwAGwAaQBmAHkABAAAABAAAAABAAAAAQAAAMQAAAA=</a:base64Binary><a:base64Binary>aEIAAAUAAAD//v8SYgBhAHQAdABlAHIAeQAtADQAQABzAGkAbQBwAGwAaQBmAHkABAAAABAAAAABAAAAAQAAAJwAAAA=</a:base64Binary><a:base64Binary>aEIAAAUAAAD//v8ZYgBhAHQAdABlAHIAeQBzAHcAYQBwAHAAZQByAC0AMgBAAHMAaQBtAHAAbABpAGYAeQAEAAAAEAAAAAEAAAABAAAAsgAAAA==</a:base64Binary><a:base64Binary>aEIAAAUAAAD//v8TTQBhAGkAbgBCAGEAcwBlAC0AMQBAAHMAaQBtAHAAbABpAGYAeQAEAAAAEAAAAAEAAAABAAAAHAAAAA==</a:base64Binary><a:base64Binary>aEIAAAUAAAD//v8WUwB1AHAAcABvAHIAdABCAGEAcwBlAC0AMQBAAHMAaQBtAHAAbABpAGYAeQAEAAAAEAAAAAEAAAABAAAAKQAAAA==</a:base64Binary><a:base64Binary>aEIAAAUAAAD//v8ZYgBhAHQAdABlAHIAeQBzAHcAYQBwAHAAZQByAC0AMQBAAHMAaQBtAHAAbABpAGYAeQAEAAAAEAAAAAEAAAABAAAAogAAAA==</a:base64Binary><a:base64Binary>aEIAAAUAAAD//v8SYgBhAHQAdABlAHIAeQAtADMAQABzAGkAbQBwAGwAaQBmAHkABAAAABAAAAABAAAAAQAAAH8AAAA=</a:base64Binary><a:base64Binary>aEIAAAUAAAD//v8YQgBhAHQAdABlAHIAeQBoAG8AbABkAGUAcgAtADMAQABzAGkAbQBwAGwAaQBmAHkABAAAABAAAAABAAAAAQAAAOEAAAA=</a:base64Binary><a:base64Binary>aEIAAAUAAAD//v8fUwBUAE0AMwAyACAATgB1AGMAbABlAG8AIABDAGEAcwBlACAAdgAyAC0AMQBAAHMAaQBtAHAAbABpAGYAeQAEAAAAEAAAAAEAAAABAAAA1QAAAA==</a:base64Binary><a:base64Binary>aEIAAAUAAAD//v8ccgBwAGwAaQBkAGEAcgB1AG4AZABlAHIAcwBjAG8AcgBlAC0AMQBAAHMAaQBtAHAAbABpAGYAeQAEAAAAEAAAAAEAAAABAAAAPAIAAA==</a:base64Binary><a:base64Binary>aEIAAAUAAAD//v8TTABFAEQAcwBwAHUAYwBrAC0AMQBAAHMAaQBtAHAAbABpAGYAeQAEAAAAEAAAAAEAAAABAAAAZwIAAA==</a:base64Binary><a:base64Binary>aEIAAAUAAAD//v8eUwB1AHAAcABvAHIAdABiAGEAcwBlAEUAeAB0AHIAdQBkAGUAcgAtADEAQABzAGkAbQBwAGwAaQBmAHkABAAAABAAAAABAAAAAQAAAA0BAAA=</a:base64Binary><a:base64Binary>aEIAAAUAAAD//v8fUwB1AHAAcABvAHIAdABiAGEAcwBlAEUAeAB0AHIAdQBkAGUAcgAyAC0AMQBAAHMAaQBtAHAAbABpAGYAeQAEAAAAEAAAAAEAAAABAAAAmwEAAA==</a:base64Binary><a:base64Binary>aEIAAAUAAAD//v8RYgB1AG0AcABlAHIALQAzAEAAcwBpAG0AcABsAGkAZgB5AAQAAAAQAAAAAQAAAAEAAAAKAwAA</a:base64Binary><a:base64Binary>aEIAAAUAAAD//v8QUABhAHIAdAAzAC0AMQBAAHMAaQBtAHAAbABpAGYAeQAEAAAAEAAAAAEAAAABAAAAvwIAAA==</a:base64Binary></SWComponentPIDs><SWMainComponentPID i:nil="true"/><Visual z:Ref="i16"/><isFixedFrame>false</isFixedFrame><isIncomplete>false</isIncomplete></Link>
2026-05-14 22:13:46,867 INFO  AssemblyExportForm.cs: 309 - Saving URDF package to C:\Users\User\Downloads\f1tenth_urdf
2026-05-14 22:13:46,867 INFO  ExportHelper.cs: 147 - Beginning the export process
2026-05-14 22:13:46,867 INFO  ExportHelper.cs: 153 - Creating package directories with name f1tenth_urdf and save path C:\Users\User\Downloads
2026-05-14 22:13:50,343 INFO  ExportHelper.cs: 162 - Creating CMakeLists.txt at C:\Users\User\Downloads\f1tenth_urdf\CMakeLists.txt
2026-05-14 22:13:50,343 INFO  ExportHelper.cs: 166 - Creating joint names config at C:\Users\User\Downloads\f1tenth_urdf\config\joint_names_f1tenth_urdf.yaml
2026-05-14 22:13:50,343 INFO  ExportHelper.cs: 170 - Creating package.xml at C:\Users\User\Downloads\f1tenth_urdf\package.xml
2026-05-14 22:13:50,343 INFO  PackageXMLWriter.cs: 21 - Creating package.xml at C:\Users\User\Downloads\f1tenth_urdf\package.xml
2026-05-14 22:13:50,353 INFO  ExportHelper.cs: 177 - Creating RVIZ launch file in C:\Users\User\Downloads\f1tenth_urdf\launch\
2026-05-14 22:13:50,353 INFO  ExportHelper.cs: 182 - Creating Gazebo launch file in C:\Users\User\Downloads\f1tenth_urdf\launch\
2026-05-14 22:13:50,353 INFO  ExportHelper.cs: 187 - Saving existing STL preferences
2026-05-14 22:13:50,353 INFO  ExportHelper.cs: 450 - Saving users preferences
2026-05-14 22:13:50,353 INFO  ExportHelper.cs: 190 - Modifying STL preferences
2026-05-14 22:13:50,353 INFO  ExportHelper.cs: 464 - Setting STL preferences
2026-05-14 22:13:50,353 INFO  ExportHelper.cs: 196 - Found 0 hidden components 
2026-05-14 22:13:50,353 INFO  ExportHelper.cs: 197 - Hiding all components
2026-05-14 22:13:51,096 INFO  ExportHelper.cs: 204 - Beginning individual files export
2026-05-14 22:13:51,128 INFO  ExportHelper.cs: 270 - Exporting link: base_link
2026-05-14 22:13:51,128 INFO  ExportHelper.cs: 272 - Link base_link has 8 children
2026-05-14 22:13:51,128 INFO  ExportHelper.cs: 270 - Exporting link: FR_wheel
2026-05-14 22:13:51,128 INFO  ExportHelper.cs: 272 - Link FR_wheel has 0 children
2026-05-14 22:13:51,128 INFO  ExportHelper.cs: 317 - FR_wheel: Exporting STL with coordinate frame Rightfront_wheel
2026-05-14 22:13:51,128 INFO  ExportHelper.cs: 322 - FR_wheel: Reference geometry name 
2026-05-14 22:13:51,304 INFO  ExportHelper.cs: 330 - Saving STL to C:\Users\User\Downloads\f1tenth_urdf\meshes\FR_wheel.STL
2026-05-14 22:13:51,414 INFO  ExportHelper.cs: 405 - Removing SW header in STL file
2026-05-14 22:13:51,414 INFO  ExportHelper.cs: 270 - Exporting link: FL_wheel
2026-05-14 22:13:51,414 INFO  ExportHelper.cs: 272 - Link FL_wheel has 0 children
2026-05-14 22:13:51,414 INFO  ExportHelper.cs: 317 - FL_wheel: Exporting STL with coordinate frame Leftfront_wheel
2026-05-14 22:13:51,414 INFO  ExportHelper.cs: 322 - FL_wheel: Reference geometry name 
2026-05-14 22:13:51,477 INFO  ExportHelper.cs: 330 - Saving STL to C:\Users\User\Downloads\f1tenth_urdf\meshes\FL_wheel.STL
2026-05-14 22:13:51,554 INFO  ExportHelper.cs: 405 - Removing SW header in STL file
2026-05-14 22:13:51,554 INFO  ExportHelper.cs: 270 - Exporting link: RR_wheel
2026-05-14 22:13:51,556 INFO  ExportHelper.cs: 272 - Link RR_wheel has 0 children
2026-05-14 22:13:51,556 INFO  ExportHelper.cs: 317 - RR_wheel: Exporting STL with coordinate frame Rightback_wheel
2026-05-14 22:13:51,557 INFO  ExportHelper.cs: 322 - RR_wheel: Reference geometry name 
2026-05-14 22:13:51,620 INFO  ExportHelper.cs: 330 - Saving STL to C:\Users\User\Downloads\f1tenth_urdf\meshes\RR_wheel.STL
2026-05-14 22:13:51,700 INFO  ExportHelper.cs: 405 - Removing SW header in STL file
2026-05-14 22:13:51,700 INFO  ExportHelper.cs: 270 - Exporting link: RL_wheel
2026-05-14 22:13:51,700 INFO  ExportHelper.cs: 272 - Link RL_wheel has 0 children
2026-05-14 22:13:51,700 INFO  ExportHelper.cs: 317 - RL_wheel: Exporting STL with coordinate frame Leftback_wheel
2026-05-14 22:13:51,700 INFO  ExportHelper.cs: 322 - RL_wheel: Reference geometry name 
2026-05-14 22:13:51,779 INFO  ExportHelper.cs: 330 - Saving STL to C:\Users\User\Downloads\f1tenth_urdf\meshes\RL_wheel.STL
2026-05-14 22:13:51,858 INFO  ExportHelper.cs: 405 - Removing SW header in STL file
2026-05-14 22:13:51,858 INFO  ExportHelper.cs: 270 - Exporting link: imu
2026-05-14 22:13:51,858 INFO  ExportHelper.cs: 272 - Link imu has 0 children
2026-05-14 22:13:51,858 INFO  ExportHelper.cs: 317 - imu: Exporting STL with coordinate frame IMU_Link
2026-05-14 22:13:51,858 INFO  ExportHelper.cs: 322 - imu: Reference geometry name 
2026-05-14 22:13:51,875 INFO  ExportHelper.cs: 330 - Saving STL to C:\Users\User\Downloads\f1tenth_urdf\meshes\imu.STL
2026-05-14 22:13:51,922 INFO  ExportHelper.cs: 405 - Removing SW header in STL file
2026-05-14 22:13:51,922 INFO  ExportHelper.cs: 270 - Exporting link: lidar
2026-05-14 22:13:51,922 INFO  ExportHelper.cs: 272 - Link lidar has 0 children
2026-05-14 22:13:51,922 INFO  ExportHelper.cs: 317 - lidar: Exporting STL with coordinate frame Lidar_Link
2026-05-14 22:13:51,922 INFO  ExportHelper.cs: 322 - lidar: Reference geometry name 
2026-05-14 22:13:52,160 INFO  ExportHelper.cs: 330 - Saving STL to C:\Users\User\Downloads\f1tenth_urdf\meshes\lidar.STL
2026-05-14 22:13:52,591 INFO  ExportHelper.cs: 405 - Removing SW header in STL file
2026-05-14 22:13:52,591 INFO  ExportHelper.cs: 270 - Exporting link: TFR_wheel
2026-05-14 22:13:52,591 INFO  ExportHelper.cs: 272 - Link TFR_wheel has 0 children
2026-05-14 22:13:52,591 INFO  ExportHelper.cs: 317 - TFR_wheel: Exporting STL with coordinate frame TurnRight_Link
2026-05-14 22:13:52,591 INFO  ExportHelper.cs: 322 - TFR_wheel: Reference geometry name 
2026-05-14 22:13:52,622 INFO  ExportHelper.cs: 330 - Saving STL to C:\Users\User\Downloads\f1tenth_urdf\meshes\TFR_wheel.STL
2026-05-14 22:13:52,657 INFO  ExportHelper.cs: 405 - Removing SW header in STL file
2026-05-14 22:13:52,657 WARN  ExportHelper.cs: 408 - Correcting the STL C:\Users\User\Downloads\f1tenth_urdf\meshes\TFR_wheel.STL failed. This STL may not be readable by ROS or other CAD programs
System.IO.IOException: The process cannot access the file 'C:\Users\User\Downloads\f1tenth_urdf\meshes\TFR_wheel.STL' because it is being used by another process.
   at System.IO.__Error.WinIOError(Int32 errorCode, String maybeFullPath)
   at System.IO.FileStream.Init(String path, FileMode mode, FileAccess access, Int32 rights, Boolean useRights, FileShare share, Int32 bufferSize, FileOptions options, SECURITY_ATTRIBUTES secAttrs, String msgPath, Boolean bFromProxy, Boolean useLongPath, Boolean checkHost)
   at System.IO.FileStream..ctor(String path, FileMode mode, FileAccess access, FileShare share)
   at SW2URDF.URDFExport.ExportHelper.CorrectSTLMesh(String filename) in C:\Users\Stephen Brawner\workspace\solidworks_urdf_exporter\SW2URDF\URDFExport\ExportHelper.cs:line 408
2026-05-14 22:13:52,657 WARN  ExportHelper.cs: 343 - There was an issue exporting the STL for TFR_wheel. It may not be readable by CAD programs that aren't SolidWorks
2026-05-14 22:13:52,657 INFO  ExportHelper.cs: 270 - Exporting link: TFL_wheel
2026-05-14 22:13:52,657 INFO  ExportHelper.cs: 272 - Link TFL_wheel has 0 children
2026-05-14 22:13:52,657 INFO  ExportHelper.cs: 317 - TFL_wheel: Exporting STL with coordinate frame TurnLeft_Link
2026-05-14 22:13:52,657 INFO  ExportHelper.cs: 322 - TFL_wheel: Reference geometry name 
2026-05-14 22:13:52,669 INFO  ExportHelper.cs: 330 - Saving STL to C:\Users\User\Downloads\f1tenth_urdf\meshes\TFL_wheel.STL
2026-05-14 22:13:52,701 INFO  ExportHelper.cs: 405 - Removing SW header in STL file
2026-05-14 22:13:52,701 WARN  ExportHelper.cs: 408 - Correcting the STL C:\Users\User\Downloads\f1tenth_urdf\meshes\TFL_wheel.STL failed. This STL may not be readable by ROS or other CAD programs
System.IO.IOException: The process cannot access the file 'C:\Users\User\Downloads\f1tenth_urdf\meshes\TFL_wheel.STL' because it is being used by another process.
   at System.IO.__Error.WinIOError(Int32 errorCode, String maybeFullPath)
   at System.IO.FileStream.Init(String path, FileMode mode, FileAccess access, Int32 rights, Boolean useRights, FileShare share, Int32 bufferSize, FileOptions options, SECURITY_ATTRIBUTES secAttrs, String msgPath, Boolean bFromProxy, Boolean useLongPath, Boolean checkHost)
   at System.IO.FileStream..ctor(String path, FileMode mode, FileAccess access, FileShare share)
   at SW2URDF.URDFExport.ExportHelper.CorrectSTLMesh(String filename) in C:\Users\Stephen Brawner\workspace\solidworks_urdf_exporter\SW2URDF\URDFExport\ExportHelper.cs:line 408
2026-05-14 22:13:52,701 WARN  ExportHelper.cs: 343 - There was an issue exporting the STL for TFL_wheel. It may not be readable by CAD programs that aren't SolidWorks
2026-05-14 22:13:52,701 INFO  ExportHelper.cs: 317 - base_link: Exporting STL with coordinate frame Origin_global
2026-05-14 22:13:52,701 INFO  ExportHelper.cs: 322 - base_link: Reference geometry name 
2026-05-14 22:13:53,512 INFO  ExportHelper.cs: 330 - Saving STL to C:\Users\User\Downloads\f1tenth_urdf\meshes\base_link.STL
2026-05-14 22:13:54,558 INFO  ExportHelper.cs: 405 - Removing SW header in STL file
2026-05-14 22:13:54,558 INFO  ExportHelper.cs: 145 - Showing all components except previously hidden components
2026-05-14 22:13:55,683 INFO  ExportHelper.cs: 145 - Resetting STL preferences
2026-05-14 22:13:55,683 INFO  ExportHelper.cs: 478 - Returning STL preferences to user preferences
2026-05-14 22:13:55,683 INFO  ExportHelper.cs: 228 - Writing URDF file to C:\Users\User\Downloads\f1tenth_urdf\urdf\f1tenth_urdf.urdf
2026-05-14 22:13:56,064 INFO  CSVImportExport.cs: 32 - Writing CSV file C:\Users\User\Downloads\f1tenth_urdf\urdf\f1tenth_urdf.csv
2026-05-14 22:13:56,081 ERROR CSVImportExport.cs: 130 - The following columns were not written to the CSV: Link.Joint.ChildLink.link,
2026-05-14 22:13:56,081 ERROR CSVImportExport.cs: 130 - The following columns were not written to the CSV: Link.Joint.ChildLink.link,
2026-05-14 22:13:56,081 ERROR CSVImportExport.cs: 130 - The following columns were not written to the CSV: Link.Joint.ChildLink.link,
2026-05-14 22:13:56,081 ERROR CSVImportExport.cs: 130 - The following columns were not written to the CSV: Link.Joint.ChildLink.link,
2026-05-14 22:13:56,081 ERROR CSVImportExport.cs: 130 - The following columns were not written to the CSV: Link.Joint.ChildLink.link,
2026-05-14 22:13:56,081 ERROR CSVImportExport.cs: 130 - The following columns were not written to the CSV: Link.Joint.ChildLink.link,
2026-05-14 22:13:56,081 ERROR CSVImportExport.cs: 130 - The following columns were not written to the CSV: Link.Joint.ChildLink.link,
2026-05-14 22:13:56,081 ERROR CSVImportExport.cs: 130 - The following columns were not written to the CSV: Link.Joint.ChildLink.link,
2026-05-14 22:13:56,081 ERROR CSVImportExport.cs: 130 - The following columns were not written to the CSV: Link.Joint.ChildLink.link,
2026-05-14 22:13:56,081 INFO  ExportHelper.cs: 234 - Copying log file
2026-05-14 22:13:56,081 INFO  ExportHelper.cs: 439 - Copying C:\Users\User\sw2urdf_logs\sw2urdf.log to C:\Users\User\Downloads\f1tenth_urdf\export.log
